https://apps.honors.uic.edu/Fellows/current-fellows.php
Fellows   First Name Last Name Department College Address Mail Code Email Address  1 Crystal Tse ACE 2982 SSB 327 tsecryst@uic.edu  2 Leila Amiri Admissions & Recruitment 165 CMET 783 lamiri@uic.edu  3 Mark Martell Asian American Resource and Cultural Center 101 TH 203 mmartell@uic.edu  4 Nick Ardinger Campus Housing 335 SRH 579 ardinger@uic.edu  5 Susan Poser Provost 2832 UH 105 sposer@uic.edu  6 Robert Barish Vice Chancellor 101 MCA 973 rbarish@uic.edu  7 Michelle Manno Vice Provost for Diversity 2621 UH 103 mmanno2@uic.edu  8 Charu Thakral Vice Provost for Diversity 2620 UH 747 charuth1@uic.edu  9 Susan Farruggia Vice Provost for Undergraduate Affairs 2704 UH 103 spf@uic.edu  10 Phillip Beverly President's Award Program Academic and Enrollment Services 276 pbeverly@uic.edu  11 Tiana Kieso Administration Applied Health Sciences 516 AHSB 528 tkieso1@uic.edu  12 Jessie Chin Biomedical and Health Information Sciences Applied Health Sciences 264 AHSB 530 chin5@uic.edu  13 Margaret Czart Biomedical and Health Information Sciences Applied Health Sciences 250 AHSB 530 mczart1@uic.edu  14 Spyros Kitsiou Biomedical and Health Information Sciences Applied Health Sciences 205 AHSB 530 skitsiou@uic.edu  15 Karen Patena Biomedical and Health Information Sciences Applied Health Sciences 250 AHSB 530 patena@uic.edu  16 Eric Swirsky Biomedical and Health Information Sciences Applied Health Sciences 250 AHSB 530 eswir@uic.edu  17 Felecia Williams Biomedical and Health Information Sciences Applied Health Sciences 260 AHSB 530 feleciaw@uic.edu  18 Ashley Hughes Biomedical and Health Information Sciences Applied Health Sciences AHSB 530 amhughes@uic.edu  19 Fabricio Balcazar Disability and Human Development Applied Health Sciences 442 DHSP 626 fabricio@uic.edu  20 Kate Caldwell Disability and Human Development Applied Health Sciences 538 DHSP 626 kcaldw3@uic.edu  21 Brian Grossman Disability and Human Development Applied Health Sciences 712 DHSP 626 brg@uic.edu  22 Alyson Patsavas Disability and Human Development Applied Health Sciences 211a DHSP 626 apatsa2@uic.edu  23 Lieke van Heumen Disability and Human Development Applied Health Sciences lvheumen@uic.edu  24 Tracy Baynard Kinesiology and Nutrition Applied Health Sciences 527 AHSB 517 tbaynard@uic.edu  25 Abbey Breckling Kinesiology and Nutrition Applied Health Sciences 337 PEB 194 abreck2@uic.edu  26 John Coumbe'lilley Kinesiology and Nutrition Applied Health Sciences 344 PEB 194 jcoumb1@uic.edu  27 Giamila Fantuzzi Kinesiology and Nutrition Applied Health Sciences 506H AHSB 517 giamila@uic.edu  28 Mark Grabiner Kinesiology and Nutrition Applied Health Sciences 648 CME 994 grabiner@uic.edu  29 Craig Horswill Kinesiology and Nutrition Applied Health Sciences 343 PEB 194 horswill@uic.edu  30 Timothy Koh Kinesiology and Nutrition Applied Health Sciences 529 AHBS 994 tjkoh@uic.edu  31 David Marquez Kinesiology and Nutrition Applied Health Sciences 625 AHSB 517 marquezd@uic.edu  32 Angela Odoms-Young Kinesiology and Nutrition Applied Health Sciences 650 AHSB 517 odmyoung@uic.edu  33 Shayna Oshita Kinesiology and Nutrition Applied Health Sciences 502C AHSB 517 soshit2@uic.edu  34 Andrew Sawers Kinesiology and Nutrition Applied Health Sciences 502A AHSB 517 asawers@uic.edu  35 Gail Fisher Occupational Therapy Applied Health Sciences 317A AHSB 811 gfisher@uic.edu  36 Leah Goodman Occupational Therapy Applied Health Sciences 307 AHSB 811 lgoodm2@uic.edu  37 Celeste Januszewski Occupational Therapy Applied Health Sciences 329 AHSB 811 celestej@uic.edu  38 Mary Khetani Occupational Therapy Applied Health Sciences 316A AHSB 811 mkhetani@uic.edu  39 Susan Magasi Occupational Therapy Applied Health Sciences 327 AHSB 811 smagas1@uic.edu  40 Ashley Stoffel Occupational Therapy Applied Health Sciences 351 AHSB 811 astoffel@uic.edu  41 Renee Taylor Occupational Therapy Applied Health Sciences 322 AHSB 811 rtaylor@uic.edu  42 Tanvi Bhatt Physical Therapy Applied Health Sciences 729 AHSB 898 tbhatt6@uic.edu  43 Michelle Bulanda Physical Therapy Applied Health Sciences 443 AHSB 898 mbulanda@uic.edu  44 Aaron Keil Physical Therapy Applied Health Sciences 336 DHSP 887 akeil123@uic.edu  45 Deepika Laddu-Patel Physical Therapy Applied Health Sciences 443 AHSB 898 dladdu@uic.edu  46 Sangeetha Madhavan Physical Therapy Applied Health Sciences 447 AHSB 898 smadhava@uic.edu  47 Cemal Ozemek Physical Therapy Applied Health Sciences 308A DHSP ozemek@uic.edu  48 Shane Phillips Physical Therapy Applied Health Sciences 506D AHSB 898 shanep@uic.edu  49 Jennifer Wescott Rehabilitation Science Applied Health Sciences 560 AHSB 528 jwesco2@uic.edu  50 Kelly Bair Architecture Architecture, Design, and the Arts 3100 ADS 030 kbair@uic.edu  51 David Brown Architecture Architecture, Design, and the Arts 3100 ADS 030 dpb@uic.edu  52 Judith De Jong Architecture Architecture, Design, and the Arts 3100 ADS 030 jdejong@uic.edu  53 Sarah Dunn Architecture Architecture, Design, and the Arts 3100 ADS 030 sedunn@uic.edu  54 Alexander Eisenschmidt Architecture Architecture, Design, and the Arts 3100 ADS 030 aeisensc@uic.edu  55 Paul Preissner Architecture Architecture, Design, and the Arts 3100 ADS 030 ppreiss@uic.edu  56 Beate Geissler Art Architecture, Design, and the Arts 106 JH 036 beate@uic.edu  57 Silvia Malagrino Art Architecture, Design, and the Arts 106 JH 036 libraes@uic.edu  58 Matthew Metzger Art Architecture, Design, and the Arts 106 JH 036 matmetz@uic.edu  59 Jennifer Reeder Art Architecture, Design, and the Arts 106 JH 036 reederj@uic.edu  60 Omur Harmansah Art History Architecture, Design, and the Arts 211B HH 201 omur@uic.edu  61 Hannah Higgins Art History Architecture, Design, and the Arts 305 HH 201 higgins@uic.edu  62 Martha Pollak Art History Architecture, Design, and the Arts 202A HH 201 mpollak@uic.edu  63 Therese Quinn Art History Architecture, Design, and the Arts 206 HH 201 thereseq@uic.edu  64 Linda Bracamontes-roeger Design Architecture, Design, and the Arts 106 JH 036 lindabr@uic.edu  65 Philip Burton Design Architecture, Design, and the Arts 106 JH 036 pcburton@uic.edu  66 Meghan Ferrill Design Architecture, Design, and the Arts 106 JH 036 mferrill@uic.edu  67 Sung Jang Design Architecture, Design, and the Arts sungjang@uic.edu  68 Stephen Melamed Design Architecture, Design, and the Arts 106 JH 036 melamed@uic.edu  69 Kimberlee Wilkens Design Architecture, Design, and the Arts 106 JH 36 harteliu@uic.edu  70 John Behling Music Architecture, Design, and the Arts L017 ETMSW 255 behlingj@uic.edu  71 Ruth Rosenberg Music Architecture, Design, and the Arts L042 ETMSW 255 rrose76@uic.edu  72 Cheryl Wilson Music Architecture, Design, and the Arts L017 ETMSW 255 wilsonc@uic.edu  73 Tom Moss Student Affairs Architecture, Design, and the Arts 208 JH 033 tommoss@uic.edu  74 Jason Martin Theatre Architecture, Design, and the Arts L250 ETMSW 255 jkmartin@uic.edu  75 Derrick Sanders Theatre Architecture, Design, and the Arts L404 EPASW 255 sandersd@uic.edu  76 Rachelle Tsachor Theatre Architecture, Design, and the Arts L424 ETMSW 255 rtsachor@uic.edu  77 Sudhakar Balachandran Accounting Business Administration 2310 UH 006 sidbala@uic.edu  78 Somnath Das Accounting Business Administration 2313 UH 006 sdas@uic.edu  79 Ellen Engel Accounting Business Administration 2309 UH 006 elleneng@uic.edu  80 Abel Galvan Accounting Business Administration 2319 UH 006 galvan@uic.edu  81 Michael Kirschenheiter Accounting Business Administration 2309 UH 006 mkirsche@uic.edu  82 Melissa Martin Accounting Business Administration 2321 UH 006 mamarti@uic.edu  83 Shailendra Pandit Accounting Business Administration 2323 UH 006 shail@uic.edu  84 Ram Ramakrishnan Accounting Business Administration 2300 UH 006 rramakri@uic.edu  85 Yehia Salama Accounting Business Administration 2312 UH 006 ysalama@uic.edu  86 Ozgur Arslan Ayaydin Finance Business Administration 2129 UH 168 orslan@uic.edu  87 Gilbert Bassett Finance Business Administration 2433 UH 168 gib@uic.edu  88 Andriy Bodnaruk Finance Business Administration 2421 UH 168 bodnaruk@uic.edu  89 Oleg Bondarenko Finance Business Administration 2419 UH 168 olegb@uic.edu  90 Hsiu-Lang Chen Finance Business Administration 2425 UH 168 hsiulang@uic.edu  91 Robert Chirinko Finance Business Administration 2333 UH 168 chirinko@uic.edu  92 Lingjie Ma Finance Business Administration 2322 UH 168 lingma1@uic.edu  93 William O'Brien Finance Business Administration 2424 UH 168 obrienw@uic.edu  94 Lan Zhang Finance Business Administration 2430 UH 168 lanzhang@uic.edu  95 Vijay Kamble Information & Decision Sciences Business Administration 2409 UH 294 kamble@uic.edu  96 Siddhartha Bhattacharyya Information and Decision Sciences Business Administration 2408 UH 294 sidb@uic.edu  97 Kyle Cheek Information and Decision Sciences Business Administration 2421 UH 294 kdcheek@uic.edu  98 Doug Lundquist Information and Decision Sciences Business Administration 2424 UH 294 dlundq1@uic.edu  99 Unsal Ozdogru Information and Decision Sciences Business Administration 2419 UH 294 uozdogru@uic.edu  100 Richard Potter Information and Decision Sciences Business Administration 2415 UH 294 rpotter@uic.edu  101 Theja Tulabandhula Information and Decision Sciences Business Administration 2404 UH 294 theja@uic.edu  102 Mary  Beth Watson-Manheim Information and Decision Sciences Business Administration 2426 UH 294 mbwm@uic.edu  103 James Cooper Managerial Studies Business Administration 2328 UH 243 jcoop1@uic.edu  104 Anna Cui Managerial Studies Business Administration 2223 UH 243 ascui@uic.edu  105 Daniel Hogan Managerial Studies Business Administration 2245 UH 243 dhogan6@uic.edu  106 Sajna Ibrahim Managerial Studies Business Administration 2213 UH 243 sajna@uic.edu  107 John Lynch Managerial Studies Business Administration 2205 UH 243 jwlynch@uic.edu  108 Alan Malter Managerial Studies Business Administration 2221 UH 243 amalter@uic.edu  109 Michael Miller Managerial Studies Business Administration 2219 UH 243 millerm@uic.edu  110 Kim Moon Managerial Studies Business Administration 2222 UH 243 kimmoon@uic.edu  111 Anthony Pagano Managerial Studies Business Administration 2218 UH 243 amp@uic.edu  112 Jeffrey Parker Managerial Studies Business Administration 2228 UH 243 jeff@uic.edu  113 Steve Sauerwald Managerial Studies Business Administration 2210 UH 243 ssauerw@uic.edu  114 Elina Yihui Tang Managerial Studies Business Administration 2208 UH 243 etang@uic.edu  115 Peter Thompson Managerial Studies Business Administration 2220 UH 243 pthomp1@uic.edu  116 Sandra Wayne Managerial Studies Business Administration 2233 UH 243 sjwayne@uic.edu  117 Satish Alapati Endodontics Dentistry 236B DENT 642 salapati@uic.edu  118 Rhonna Cohen Molecular Biology of Oral Diseases Dentistry 530E DENT 860 rcohen@uic.edu  119 Lyndon Cooper Oral Biology Dentistry 402E DENT 690 cooperlf@uic.edu  120 David Reed Oral Biology Dentistry 436B DENT 690 reedd@uic.edu  121 Blase Brown Oral Medicine and Diagnostic Sciences Dentistry 350 DENT 555 bpbrown@uic.edu  122 Asha Eapen Oral Medicine and Diagnostic Sciences Dentistry ashasara@uic.edu  123 Phimon Atsawasuwan Orthodontics Dentistry 109E DENT 841 patsawas@uic.edu  124 Christina Nicholas Orthodontics Dentistry DENT clnichol@uic.edu  125 Shahrbanoo Fadavi Pediatric Dentistry Dentistry 269 DENT 850 sfadavi@uic.edu  126 Darryl Pendleton Pediatric Dentistry Dentistry 104 DENT 621 dpendle@uic.edu  127 Indru Punwani Pediatric Dentistry Dentistry 530D DENT 850 ipunwani@uic.edu  128 Sheela Raja Pediatric Dentistry Dentistry 304A DENT 850 sraja1@uic.edu  129 Patrick Smith Pediatric Dentistry Dentistry 102GC DENT 621 psmith26@uic.edu  130 Christine Wu Pediatric Dentistry Dentistry 469J DENT 850 chriswu@uic.edu  131 Luisa Dipietro Periodontics Dentistry 452 DENT 859 ldipiet@uic.edu  132 Ana Bedran-Russo Restorative Dentistry Dentistry 531A DENT 555 bedran@uic.edu  133 Farhad Fayz Restorative Dentistry Dentistry 502ADENT 555 fayz@uic.edu  134 Danny Bernard Martin Curriculum and Instruction Education 3436 ETMSW 147 dbmartin@uic.edu  135 Lynette Mawhinney Curriculum and Instruction Education 3238 ETMSW lynnette@uic.edu  136 Paola Zitlali Morales Curriculum and Instruction Education 3234 ETMSW 147 zitlali@uic.edu  137 Maria Varelas Curriculum and Instruction Education 3513 ETMSW 147 mvarelas@uic.edu  138 Nicole Nguyen Educational Policy Studies Education 3406 ETMSW 147 nguyenn@uic.edu  139 Benjamin Superfine Educational Policy Studies Education 1208 ETMSW 147 bsuperfi@uic.edu  140 Sarai Coba-Rodriguez Educational Psychology Education 1242 ETMSW scobaro2@uic.edu  141 Nic Weststrate Educational Psychology Education 3521 ETMSW 147 nicwest@uic.edu  142 Michelle Parker-Katz Special Education Education 3412 ETMSW 147 mparker@uic.edu  143 Marie Tejero Hughes Special Education Education 3432 ETMSW 147 marieth@uic.edu  144 David Eddington Bioengineering Engineering 211 SEO 063 dte@uic.edu  145 Anthony Felder Bioengineering Engineering 208 SEO 063 afelde2@uic.edu  146 John Hetling Bioengineering Engineering 232 SEO 063 jhetli1@uic.edu  147 Dieter Klatt Bioengineering Engineering 110B NMRL 563 dklatt@uic.edu  148 Miiri Kotche Bioengineering Engineering 233 SEO 063 mkotch2@uic.edu  149 James Lee Bioengineering Engineering 1117 COMRB 563 leejam@uic.edu  150 Jie Liang Bioengineering Engineering 164J CSN 563 jliang@uic.edu  151 Andreas Linninger Bioengineering Engineering 206 SEO 063 linninge@uic.edu  152 Thomas Royston Bioengineering Engineering 212 SEO 063 troyston@uic.edu  153 Tolou Shokuhfar Bioengineering Engineering 202 SEO 063 tolou@uic.edu  154 Vikas Berry Chemical Engineering Engineering 124 CEB 110 vikasb@uic.edu  155 Ying Liu Chemical Engineering Engineering CEB 211 110 liuying@uic.edu  156 Vivek Sharma Chemical Engineering Engineering 245 EIB 110 viveks@uic.edu  157 Meenesh Singh Chemical Engineering Engineering 251 EIB 110 mrsingh@uic.edu  158 Lewis Wedgewood Chemical Engineering Engineering 207 CEB 110 wedge@uic.edu  159 Matt Daly Civil & Materials Engineering Engineering 3089 ERF 246 mattdaly@uic.edu  160 Sybil Derrible Civil & Materials Engineering Engineering 2071 ERF 246 derrible@uic.edu  161 Didem Ozevin Civil & Materials Engineering Engineering 3073 ERF 246 dozevin@uic.edu  162 Farid Peiravian Civil & Materials Engineering Engineering 3067 ERF 246 peiravi@uic.edu  163 Krishna Reddy Civil & Materials Engineering Engineering 2091 ERF 246 kreddy@uic.edu  164 Joseph Schulenberg Civil & Materials Engineering Engineering 2075 ERF 246 schulenj@uic.edu  165 Bo Zou Civil & Materials Engineering Engineering 2073 ERF 246 bzou@uic.edu  166 Bhaskar DasGupta Computer Science Engineering 933 SEO 152 bdasgup@uic.edu  167 Barbara Di Eugenio Computer Science Engineering 916 SEO 152 bdieugen@uic.edu  168 Jakob Eriksson Computer Science Engineering 2054 ERF 152 jakob@uic.edu  169 Joseph Hummel Computer Science Engineering 908 SEO 152 jhummel2@uic.edu  170 Andrew Johnson Computer Science Engineering 2032 ERF 152 ajohnson@uic.edu  171 Chris Kanich Computer Science Engineering 1220 SEO 152 ckanich@uic.edu  172 John Lillis Computer Science Engineering 936 SEO 152 Lillis@uic.edu  173 William Mansky Computer Science Engineering 1331 SEO 152 mansky1@uic.edu  174 Georgeta-Elisabeta Marai Computer Science Engineering 2032A ERF 152 gmarai@uic.edu  175 Dale Reed Computer Science Engineering 917 SEO 152 reed@uic.edu  176 Anastasios Sidiropoulos Computer Science Engineering 1240 SEO 152 sidiropo@uic.edu  177 Robert Sloan Computer Science Engineering 1112 SEO 152 sloan@uic.edu  178 Mitchell Theys Computer Science Engineering 941 SEO 152 mtheys@uic.edu  179 Xingbo Wu Computer Science Engineering 1338 SEO 152 wuxb@uic.edu  180 Vahe Caliskan Electrical and Computer Engineering Engineering 1023 SEO 154 vahe@uic.edu  181 Natasha Devroye Electrical and Computer Engineering Engineering 1039 SEO 154 devroye@uic.edu  182 Danilo Erricolo Electrical and Computer Engineering Engineering 1111 SEO 154 derric1@uic.edu  183 Sudip Mazumder Electrical and Computer Engineering Engineering 3013 ERF 154 mazumder@uic.edu  184 Milos Zefran Electrical and Computer Engineering Engineering 1041 SEO 154 mzefran@uic.edu  185 Houshang Darabi Industrial Engineering Engineering 2055 ERF 251 hdarabi@uic.edu  186 Mengqi Hu Industrial Engineering Engineering 3023 ERF 251 mhu@uic.edu  187 Lin Li Industrial Engineering Engineering 3057 ERF 251 linli@uic.edu  188 Quintin Williams Industrial Engineering Engineering 3059 ERF 251 qwilli1@uic.edu  189 Thomas Theis Institute for Environmental Science & Policy Engineering 530 SPHW 673 theist@uic.edu  190 Jeremiah Abiade Mechanical and Industrial Engineering Engineering 3049 ERF 251 jta@uic.edu  191 Max Berniker Mechanical and Industrial Engineering Engineering 2023 ERF 251 mbernike@uic.edu  192 Carmen Lilley Mechanical and Industrial Engineering Engineering 3031 ERF 251 clilley@uic.edu  193 Constantine Megaridis Mechanical and Industrial Engineering Engineering 3035 ERF 251 cmm@uic.edu  194 William Ryan Mechanical and Industrial Engineering Engineering 3053 ERF 251 wryan@uic.edu  195 Reza Shahbazian-Yassar Mechanical and Industrial Engineering Engineering 3037 ERF 273 rsyassar@uic.edu  196 Yeow Siow Mechanical and Industrial Engineering Engineering 3033 ERF 251 yeowsiow@uic.edu  197 Jamison Szwalek Mechanical and Industrial Engineering Engineering 3047 ERF 251 jszwalek@uic.edu  198 Jie Xu Mechanical and Industrial Engineering Engineering 3051 ERF 251 jiexu@uic.edu  199 Natasha Barnes African American Studies Liberal Arts and Sciences 1207 UH 069 nbbarnes@uic.edu  200 Cynthia Blair African American Studies Liberal Arts and Sciences 1231 UH 069 cmblair@uic.edu  201 Johari Jabir African American Studies Liberal Arts and Sciences 1203 UH 069 jjabir@uic.edu  202 Lynette Jackson African American Studies Liberal Arts and Sciences 1230 UH 360 lajackso@uic.edu  203 Jane Rhodes African American Studies Liberal Arts and Sciences 1231 UH 069 rhodesj@uic.edu  204 Beth Richie African American Studies Liberal Arts and Sciences 1231 UH 069 brichie@uic.edu  205 Tarini Bedi Anthropology Liberal Arts and Sciences 2102 BSB 027 tbedi@uic.edu  206 Molly Doane Anthropology Liberal Arts and Sciences 3148C BSB 027 mdoane@uic.edu  207 Mitchel Hendrickson Anthropology Liberal Arts and Sciences 2012 BSB 027 mjhend@uic.edu  208 Laura Junker Anthropology Liberal Arts and Sciences 2138B BSB 027 ljunker@uic.edu  209 Vincent LaMotta Anthropology Liberal Arts and Sciences 3128B BSB 027 vlamotta@uic.edu  210 William Parkinson Anthropology Liberal Arts and Sciences wparkins@uic.edu  211 Anna Roosevelt Anthropology Liberal Arts and Sciences 3110-B BSB 027 amazonla@uic.edu  212 Sloan Williams Anthropology Liberal Arts and Sciences 3128C BSB 027 sloanw@uic.edu  213 Som Ale Biological Sciences Liberal Arts and Sciences 3358 SES 066 sale1@uic.edu  214 Aixa Alfonso Biological Sciences Liberal Arts and Sciences 3067 SEL 067 aalfonso@uic.edu  215 Hormoz Bassirirad Biological Sciences Liberal Arts and Sciences 4103 SEL 066 hormoz@uic.edu  216 Chieh Chang Biological Sciences Liberal Arts and Sciences 4072 MBRB 567 chiehc@uic.edu  217 Chiou-Fen Chuang Biological Sciences Liberal Arts and Sciences 4070 MBRB 567 chioufen@uic.edu  218 Ronald Dubreuil Biological Sciences Liberal Arts and Sciences 4152 MBRB 567 ron@uic.edu  219 Liang-wei Gong Biological Sciences Liberal Arts and Sciences 4296 SEL 067 lwgong@uic.edu  220 Miguel Gonzalez-Meler Biological Sciences Liberal Arts and Sciences 3338 SES 066 mmeler@uic.edu  221 Jeremy Lynch Biological Sciences Liberal Arts and Sciences 4020 MBRB 567 jlynch42@uic.edu  222 Robert Paul Malchow Biological Sciences Liberal Arts and Sciences 4083 SEL 067 paulmalc@uic.edu  223 Suzanne McCutcheon Biological Sciences Liberal Arts and Sciences 3050 SEL 067 suzanne@uic.edu  224 Emily Minor Biological Sciences Liberal Arts and Sciences 3346 SES 066 eminor@uic.edu  225 Alan Molumby Biological Sciences Liberal Arts and Sciences 3084 SELE 067 molumby@uic.edu  226 Donald Morrison Biological Sciences Liberal Arts and Sciences 4102 MBRB 567 damorris@uic.edu  227 Michael Muller Biological Sciences Liberal Arts and Sciences 3092 SELE 067 mmuller@uic.edu  228 Karin Nelson Biological Sciences Liberal Arts and Sciences 3378 SES 066 knelsonn@uic.edu  229 Peter Okkema Biological Sciences Liberal Arts and Sciences 4052 MBRB 567 okkema@uic.edu  230 Teresa Orenic Biological Sciences Liberal Arts and Sciences 4220 MBRB 567 torenic@uic.edu  231 Thomas Park Biological Sciences Liberal Arts and Sciences 4278 SEL 067 tpark@uic.edu  232 Yury Polikanov Biological Sciences Liberal Arts and Sciences 4170 MBRB 567 yuryp@uic.edu  233 Rachel Poretsky Biological Sciences Liberal Arts and Sciences 4100a SELE 067 microbe@uic.edu  234 Janet Richmond Biological Sciences Liberal Arts and Sciences 4309 SEL 067 jer@uic.edu  235 Ankur Saxena Biological Sciences Liberal Arts and Sciences 4120 MBRB 567 saxenaa@uic.edu  236 Eric Stabb Biological Sciences Liberal Arts and Sciences estabb@uic.edu  237 David Stone Biological Sciences Liberal Arts and Sciences 3476 SES 066 dstone@uic.edu  238 Katherine Mary Warpeha Biological Sciences Liberal Arts and Sciences 4268 MBRB 567 kwarpeha@uic.edu  239 Leslie Aldrich Chemistry Liberal Arts and Sciences 2230 SELW 111 aldrich@uic.edu  240 Laura Anderson Chemistry Liberal Arts and Sciences 2230 SELE 111 lauralin@uic.edu  241 Jordi Cabana-Jimenez Chemistry Liberal Arts and Sciences 4146 SES 111 jcabana@uic.edu  242 Ginevra Clark Chemistry Liberal Arts and Sciences 205A SES 111 ginevra@uic.edu  243 Stephanie Cologna Chemistry Liberal Arts and Sciences 4500 SES 111 cologna@uic.edu  244 Tom Driver Chemistry Liberal Arts and Sciences 3220 SEL 111 tgd@uic.edu  245 Luke Hanley Chemistry Liberal Arts and Sciences 5105 SES 111 lhanley@uic.edu  246 Ying Samuel Hu Chemistry Liberal Arts and Sciences yshu@uic.edu  247 Nan Jiang Chemistry Liberal Arts and Sciences 4500 SES 111 njiang@uic.edu  248 Neal Mankad Chemistry Liberal Arts and Sciences 4178 SES 111 npm@uic.edu  249 Lawrence Miller Chemistry Liberal Arts and Sciences 5205 SES 111 lwm2006@uic.edu  250 Justin Mohr Chemistry Liberal Arts and Sciences 5124 SES 111 jtmohr@uic.edu  251 Scott Shippy Chemistry Liberal Arts and Sciences 5417 SES 111 sshippy@uic.edu  252 Preston Snee Chemistry Liberal Arts and Sciences 4176 SES 111 sneep@uic.edu  253 Mike Stieff Chemistry Liberal Arts and Sciences 4376 SES 111 mstieff@uic.edu  254 Duncan Wardrop Chemistry Liberal Arts and Sciences 4446 SES 111 wardropd@uic.edu  255 Donald Wink Chemistry Liberal Arts and Sciences 4478 SES 111 dwink@uic.edu  256 Karen Ros Classics and Mediterranean Studies Liberal Arts and Sciences 1804 UH 129 kros@uic.edu  257 Rebecca Lind Communication Liberal Arts and Sciences 1160A BSB 132 rebecca@uic.edu  258 Zachary McDowell Communication Liberal Arts and Sciences 1159 BSB 132 zjm@uic.edu  259 Zizi Papacharissi Communication Liberal Arts and Sciences 1140A BSB 132 zizi@uic.edu  260 Andrew Rojecki Communication Liberal Arts and Sciences 1152C BSB 132 arojecki@uic.edu  261 Lisa Frohmann Criminology, Law, and Justice Liberal Arts and Sciences 4022A BSB 141 lfrohman@uic.edu  262 Greg Matoesian Criminology, Law, and Justice Liberal Arts and Sciences 4060B BSB 141 matoesia@uic.edu  263 William McCarty Criminology, Law, and Justice Liberal Arts and Sciences 4060A BSB 141 mccartyw@uic.edu  264 Paul Schewe Criminology, Law, and Justice Liberal Arts and Sciences 3040 BSB 285 schewepa@uic.edu  265 Amie Schuck Criminology, Law, and Justice Liberal Arts and Sciences 4022A BSB 141 amms@uic.edu  266 Sarah Ullman Criminology, Law, and Justice Liberal Arts and Sciences 4050B BSB 141 seullman@uic.edu  267 Andrew Dombard Earth and Environmental Sciences Liberal Arts and Sciences 2464 SES 186 adombard@uic.edu  268 D'arcy Meyer-dombard Earth and Environmental Sciences Liberal Arts and Sciences 2474 SES 186 drmd@uic.edu  269 Roy Plotnick Earth and Environmental Sciences Liberal Arts and Sciences 2454 SES 186 plotnick@uic.edu  270 Patrick Baude Economics Liberal Arts and Sciences 709 UH 144 pbaude2@uic.edu  271 Evelyn Lehrer Economics Liberal Arts and Sciences 710 UH 144 elehrer@uic.edu  272 Lawrence Officer Economics Liberal Arts and Sciences 704 UH 144 lofficer@uic.edu  273 Richard Peck Economics Liberal Arts and Sciences 726 UH 144 rmpeck@uic.edu  274 Joseph Persky Economics Liberal Arts and Sciences 711 UH 144 jpersky@uic.edu  275 Helen Roberts Economics Liberal Arts and Sciences 721 UH 144 hroberts@uic.edu  276 Jennifer Ashton English Liberal Arts and Sciences 1912 UH 162 jashton@uic.edu  277 Lauren Bell English Liberal Arts and Sciences 1900 UH 162 ldejbel@uic.edu  278 Mark Canuel English Liberal Arts and Sciences 1910 UH 162 mcanuel@uic.edu  279 Marsha Cassidy English Liberal Arts and Sciences 1920 UH 162 mcassidy@uic.edu  280 Mark Chiang English Liberal Arts and Sciences 1020 UH 231 mchiang@uic.edu  281 Ainsworth Clarke English Liberal Arts and Sciences 1205 UH 069 ac57@uic.edu  282 Todd Destigter English Liberal Arts and Sciences 1902 UH 162 tdestig@uic.edu  283 Christopher Glomski English Liberal Arts and Sciences 1823 UH 162 vivo@uic.edu  284 Robin Grey English Liberal Arts and Sciences 1925UH 162 rgrey@uic.edu  285 Rachel Havrelock English Liberal Arts and Sciences 1909 UH 162 raheleh@uic.edu  286 Jeffrey Kessler English Liberal Arts and Sciences 2011 UH 162 jckessle@uic.edu  287 Anna Kornbluh English Liberal Arts and Sciences 2015 UH 162 kornbluh@uic.edu  288 Christian Messenger English Liberal Arts and Sciences 1920 UH 162 chrism1@uic.edu  289 Jennifer Rupert English Liberal Arts and Sciences 2026 UH 162 jruper1@uic.edu  290 David Schaafsma English Liberal Arts and Sciences 1904UH 162 schaaf1@uic.edu  291 John Ireland French & Francophone Studies Liberal Arts and Sciences 1611 UH 315 jireland@uic.edu  292 Ellen McClure French & Francophone Studies Liberal Arts and Sciences 1613 UH 315 ellenmc@uic.edu  293 Kishonna Gray Gender and Women's Studies Liberal Arts and Sciences 1222 UH 360 unicorn@uic.edu  294 Gayatri Reddy Gender and Women's Studies Liberal Arts and Sciences 1226 UH 360 gayatri@uic.edu  295 Sara Hall Germanic Studies Liberal Arts and Sciences 1506 UH 189 sahall@uic.edu  296 Elizabeth Loentz Germanic Studies Liberal Arts and Sciences 1530 UH 189 loentz@uic.edu  297 Imke Meyer Germanic Studies Liberal Arts and Sciences 1512 UH 189 ixmeyer@uic.edu  298 Susanne Rott Germanic Studies Liberal Arts and Sciences 1530 UH 315 srott@uic.edu  299 Anna Guevarra Global Asian Studies Liberal Arts and Sciences 1030 UH 231 guevarra@uic.edu  300 Michael Jin Global Asian Studies Liberal Arts and Sciences 1012 UH 231 mrjin@uic.edu  301 Rosilie Hernandez-Pecoraro Hispanic and Italian Studies Liberal Arts and Sciences 1610 UH 315 rosieher@uic.edu  302 Kara Morgan-Short Hispanic and Italian Studies Liberal Arts and Sciences 1706 UH 315 karams@uic.edu  303 Dianna Niebylski Hispanic and Italian Studies Liberal Arts and Sciences 1609 UH 315 dcn@uic.edu  304 John Abbott History Liberal Arts and Sciences 1014 UH 198 jabbot1@uic.edu  305 Christopher Boyer History Liberal Arts and Sciences 901 UH 198 crboyer@uic.edu  306 Bao Bui History Liberal Arts and Sciences UH 916 longbui2@uic.edu  307 Joaquin Chavez History Liberal Arts and Sciences 1017 UH 198 chavezj1@uic.edu  308 Jonathan Daly History Liberal Arts and Sciences 1019 UH 198 daly@uic.edu  309 Nicole Jordan History Liberal Arts and Sciences 1005 UH 198 njordan@uic.edu  310 Ralph Keen History Liberal Arts and Sciences 925 UH 198 rkeen01@uic.edu  311 Junaid Quadri History Liberal Arts and Sciences 925 UH 198 jquadri@uic.edu  312 Keely Stauter-halsted History Liberal Arts and Sciences 913 UH 198 stauterh@uic.edu  313 Andreas Feldmann Latin American and Latino Studies Liberal Arts and Sciences 1511 UH 219 feldmana@uic.edu  314 Amalia Pallares Latin American and Latino Studies Liberal Arts and Sciences 1525 UH 219 amalia@uic.edu  315 Cristian Roa Latin American and Latino Studies Liberal Arts and Sciences 1523 UH 219 roa@uic.edu  316 Lev Reyzin Mathematical Computer Science Liberal Arts and Sciences 418 SEO 249 lreyzin@uic.edu  317 Jan Verschelde Mathematical Computer Science Liberal Arts and Sciences 1210 SEO 249 janv@uic.edu  318 Gyorgy Turan Mathematics, Statistics & Computer Science Liberal Arts and Sciences 425 SEO 249 gyt@uic.edu  319 Ben Antieau Mathematics, Statistics, & Computer Science Liberal Arts and Sciences 419 SEO 249 dantie1@uic.edu  320 Jerry Bona Mathematics, Statistics, & Computer Science Liberal Arts and Sciences 1206 SEO 249 jbona@uic.edu  321 Alison Castro Superfine Mathematics, Statistics, & Computer Science Liberal Arts and Sciences 327 SEO 249 amcastro@uic.edu  322 Alina Cojocaru Mathematics, Statistics, & Computer Science Liberal Arts and Sciences 415 SEO 249 cojocaru@uic.edu  323 Izzet Coskun Mathematics, Statistics, & Computer Science Liberal Arts and Sciences 423 SEO 249 icoskun@uic.edu  324 Samad Hedayat Mathematics, Statistics, & Computer Science Liberal Arts and Sciences 525 SEO 249 hedayat@uic.edu  325 David Marker Mathematics, Statistics, & Computer Science Liberal Arts and Sciences 411 SEO 249 marker@uic.edu  326 Mara Martinez Mathematics, Statistics, & Computer Science Liberal Arts and Sciences 610 SEO 249 maravmar@uic.edu  327 Will Perkins Mathematics, Statistics, & Computer Science Liberal Arts and Sciences 249 willp@uic.edu  328 Julius Ross Mathematics, Statistics, & Computer Science Liberal Arts and Sciences 512 SEO 249 juliusro@uic.edu  329 Bhama Srinivasan Mathematics, Statistics, & Computer Science Liberal Arts and Sciences 531 SEO 249 srinivas@uic.edu  330 Ramin Takloo-Bighash Mathematics, Statistics, & Computer Science Liberal Arts and Sciences 420 SEO 249 rtakloo@uic.edu  331 Kevin Tucker Mathematics, Statistics, & Computer Science Liberal Arts and Sciences 417 SEO 249 kftucker@uic.edu  332 Jing Wang Mathematics, Statistics, & Computer Science Liberal Arts and Sciences 523 SEO 249 jiwang12@uic.edu  333 Nicholas Huggett Philosophy Liberal Arts and Sciences 1413 UH 267 huggett@uic.edu  334 Georgette Sinkler Philosophy Liberal Arts and Sciences 1409 UH 267 egalite@uic.edu  335 Richard Cavanaugh Physics Liberal Arts and Sciences 2268 SES 273 cavana@uic.edu  336 Cecilia Gerber Physics Liberal Arts and Sciences 2270 SES 273 gerber@uic.edu  337 Robert Klie Physics Liberal Arts and Sciences 2374 SES 273 rfklie@uic.edu  338 Elizabeth Kocs Physics Liberal Arts and Sciences 2352 SES 273 ekocs@uic.edu  339 Jan Spille Physics Liberal Arts and Sciences 3136 SES 273 jhspille@uic.edu  340 Claudio Ugalde Physics Liberal Arts and Sciences 2176 SES 273 cugalde@uic.edu  341 Nikos Varelas Physics Liberal Arts and Sciences 2134 SES 273 varelas@uic.edu  342 Robert Bruhl Political Science Liberal Arts and Sciences 1114C BSB 276 rbruhl1@uic.edu  343 Alexandra Filindra Political Science Liberal Arts and Sciences 1108D BSB 276 aleka@uic.edu  344 Katharine Floros Political Science Liberal Arts and Sciences 1170B BSB 276 kmfloros@uic.edu  345 Petia Kostadinova Political Science Liberal Arts and Sciences 1136 BSB 276 pkostad@uic.edu  346 Kevin Lyles Political Science Liberal Arts and Sciences 1102A BSB 276 lyles@uic.edu  347 Evan McKenzie Political Science Liberal Arts and Sciences 1122D BSB 276 mckenzie@uic.edu  348 Norma Moruzzi Political Science Liberal Arts and Sciences 1122A BSB 276 nmoruzzi@uic.edu  349 Dick Simpson Political Science Liberal Arts and Sciences 1126C BSB 276 simpson@uic.edu  350 Sultan Tepe Political Science Liberal Arts and Sciences 1114-A BSB 276 sultant@uic.edu  351 Yue Zhang Political Science Liberal Arts and Sciences 1134 BSB 276 yuezhang@uic.edu  352 Chris Baker Psychology Liberal Arts and Sciences 2056A BSB bakerc@uic.edu  353 Bette Bottoms Psychology Liberal Arts and Sciences 1062C BSB 285 bbottoms@uic.edu  354 Daniel Cervone Psychology Liberal Arts and Sciences 1008 BSB 285 dcervone@uic.edu  355 Kathryn Engel Psychology Liberal Arts and Sciences 1018A BSB 285 engel@uic.edu  356 Susan Goldman Psychology Liberal Arts and Sciences 1022C BSB 285 sgoldman@uic.edu  357 Ellen Herbener Psychology Liberal Arts and Sciences 1046 BSB herbener@uic.edu  358 Michael Meinzer Psychology Liberal Arts and Sciences mmeinzer@uic.edu  359 James Pellegrino Psychology Liberal Arts and Sciences 1018B BSB 285 pellegjw@uic.edu  360 Michael Ragozzino Psychology Liberal Arts and Sciences 1066B BSB 285 mrago@uic.edu  361 Gary Raney Psychology Liberal Arts and Sciences 1046B BSB 285 geraney@uic.edu  362 Jamie Roitman Psychology Liberal Arts and Sciences 1042A BSB 285 jroitman@uic.edu  363 Mitchell Roitman Psychology Liberal Arts and Sciences 1042C SSB 285 mroitman@uic.edu  364 Amanda Roy Psychology Liberal Arts and Sciences 1066 BSB 285 alroy28@uic.edu  365 Jessica Shaw Psychology Liberal Arts and Sciences jlshaw2@uic.edu  366 Megin Wardle Psychology Liberal Arts and Sciences mwardle@uic.edu  367 Jennifer Wiley Psychology Liberal Arts and Sciences 1054B BSB 285 jwiley@uic.edu  368 R. David Wirtshafter Psychology Liberal Arts and Sciences 2010 BSB 285 davew@uic.edu  369 Katherine Zinsser Psychology Liberal Arts and Sciences BSB 1050D 285 kzinsser@uic.edu  370 Michal Pawel Markowski Slavic & Baltic Languages & Literatures Liberal Arts and Sciences 1630 UH 036 markowsk@uic.edu  371 Amy Bailey Sociology Liberal Arts and Sciences 4140D BSB 312 akbailey@uic.edu  372 Richard Barrett Sociology Liberal Arts and Sciences 4126D BSB 708 barrett@uic.edu  373 Andrew Clarno Sociology Liberal Arts and Sciences 4125 BSB 312 aclarno@uic.edu  374 Rachel Gordon Sociology Liberal Arts and Sciences 4140A BSB 312 ragordon@uic.edu  375 Maria Krysan Sociology Liberal Arts and Sciences 4112E BSB 312 krysan@uic.edu  376 Paul-Brian McInerney Sociology Liberal Arts and Sciences 4140B BSB 312 pbm@uic.edu  377 Barbara Risman Sociology Liberal Arts and Sciences 4112E BSB 312 brisman@uic.edu  378 Atef Said Sociology Liberal Arts and Sciences 4146A BSB 312 atefsaid@uic.edu  379 Anne Armstrong Library Library 2-171 LIB 234 annie@uic.edu  380 David Greenstein Special Collections and University Archives Library 3-330 LIB 234 greenstn@uic.edu  381 Ananya Gangopadhyaya Academic Internal Medicine Medicine 718 agango1@uic.edu  382 John Tulley Academic Internal Medicine Medicine 440 CSN 718 jetulley@uic.edu  383 Annette Zacharia Academic Internal Medicine Medicine Internal Med 718 azachar1@UIC.EDU  384 Raymond Curry Administration Medicine E106 MSB 784 curryrh@uic.edu  385 Simon Alford Anatomy and Cell Biology Medicine 578 CMET 215 sta@uic.edu  386 Swetha Gowrishankar Anatomy and Cell Biology Medicine 7055 COMRB 512 swethag@uic.edu  387 Mary Jo LaDu Anatomy and Cell Biology Medicine 7091 COMRB 512 mladu@uic.edu  388 Sarah Lutz Anatomy and Cell Biology Medicine 1113 COMRB 512 selutz@uic.edu  389 Anna Lysakowski Anatomy and Cell Biology Medicine 6055 COMRB 512 alysakow@uic.edu  390 Christian Peters Anatomy and Cell Biology Medicine cjpeters@uic.edu  391 Leon Tai Anatomy and Cell Biology Medicine 567B CMET 512 leontai@uic.edu  392 Akira Yoshii Anatomy and Cell Biology Medicine 5061 COMRB 512 ayoshii@uic.edu  393 Biji Mathew Anesthesiology Medicine E717 MSB bijim@uic.edu  394 Steven Roth Anesthesiology Medicine 3200W UIH 515 rothgas@uic.edu  395 Donald Chambers Biochemistry and Molecular Genetics Medicine A309 CMW 536 donc@uic.edu  396 George Kondos Cardiology Medicine 1020 CSB 787 gtkondos@uic.edu  397 Sara Heinert Department of Emergency Medicine Medicine sheinert@uic.edu  398 Jose Cordoba-Chacon Endocrinology, Diabetes & Metabolism Medicine E625 MSB 640 jcordoba@uic.edu  399 Kirstie Danielson Endocrinology, Diabetes & Metabolism Medicine 520 CSB 958 kdaniel@uic.edu  400 Md. Wasim Khan Endocrinology, Diabetes & Metabolism Medicine mkhan268@uic.edu  401 Medha Priyadarshini Endocrinology, Diabetes & Metabolism Medicine mpriya2@uic.edu  402 Terry Unterman Endocrinology, Diabetes & Metabolism Medicine A224 WSVA-MP151 787 unterman@uic.edu  403 Pingwen Xu Endocrinology, Diabetes & Metabolism Medicine pingwenx@uic.edu  404 Abeer Mohamed Endocrinology/Diabetes and Metabolism Medicine 4th FL, AHSB 898 amahmo4@uic.edu  405 Memoona Hasnain Family Medicine Medicine 151 AHSB 663 memoona@uic.edu  406 Pooja Malhotra Gastroenterology and Hepatology Medicine poojam@uic.edu  407 Lisa Tussing-Humphreys Health Promotion Research Medicine 416 WRB 275 ltussing@uic.edu  408 Robert Molokie Hematology/Oncology Medicine 172 CSN 712 remoloki@uic.edu  409 Laura Hirshfield Medical Education Medicine 986 CMET 591 lhirshf@uic.edu  410 Timothy Murphy Medical Education Medicine 964 CMET 591 tmurphy@uic.edu  411 Leslie Sandlow Medical Education Medicine 974 CMET 591 ljs@uic.edu  412 Alan Schwartz Medical Education Medicine 976 CMET 591 alansz@uic.edu  413 Sandra Sufian Medical Education Medicine 980 CME 591 sufians@uic.edu  414 William Chamberlin Medicine Medicine 207 MCA 904 whchamberlin@gmail.com  415 Justin Richner Microbiology and Immunology Medicine E-829 MSB 790 richner@uic.edu  416 Konstantin Slavin Neurological Surgery Medicine 451N NPI 799 kslavin@uic.edu  417 Jeffrey Loeb Neurology and Rehabilitation Medicine 657N NPI 796 jaloeb@uic.edu  418 Fei Song Neurology and Rehabilitation Medicine Medicine feisong@uic.edu  419 Vinay Aakalu Ophthalmology and Visual Science Medicine 1855 W. Taylor 648 vaakalu@uic.edu  420 Dingcai Cao Ophthalmology and Visual Science Medicine 1855 W Taylor 158 dcao98@uic.edu  421 Timothy McMahon Ophthalmology and Visual Science Medicine EEI Room 3.154 648 timomcma@uic.edu  422 H Steven Sims Otolaryngology Medicine 2.42 EEI 648 hssims@uic.edu  423 Jonathan Klein Pediatrics Medicine 1801 W Taylor jonklein@uic.edu  424 De-Ann Pillers Pediatrics Medicine 1257 CSB 856 pillersd@uic.edu  425 Reshma Shah Pediatrics Medicine 1206 CSB 856 reshmamd@uic.edu  426 Saul Weiner Pediatrics Medicine 2732 UH 103 sweiner@uic.edu  427 Richard Minshall Pharmacology Medicine E102 MSB rminsh@uic.edu  428 Jae-Won Shin Pharmacology and Bioengineering Medicine 5091 COMRB 868 stem.jwshin@gmail.com  429 Monica Lee Physiology & Biophysics Medicine 1113 COMRB 901 monicayl@uic.edu  430 Chong Wee Liew Physiology & Biophysics Medicine 2099 COMRB 901 cwliew@uic.edu  431 Alexandra Naba Physiology & Biophysics Medicine 2035 COMRB 901 anaba@uic.edu  432 Mrinalini Rao Physiology & Biophysics Medicine 2093 COMRB 901 meenarao@uic.edu  433 Mark Rasenick Physiology & Biophysics Medicine 2095 COMRB 901 raz@uic.edu  434 Erbo Dong Psychiatry Medicine 256 PI 912 erbodong@uic.edu  435 David Gavin Psychiatry Medicine 3270 MBRB 669 dgavin1@uic.edu  436 Liz Glover Psychiatry Medicine 418 SPHPI 912 ejglover@uic.edu  437 Alessandro Guidotti Psychiatry Medicine 256A PI 912 aguidott@uic.edu  438 Amy Lasek Psychiatry Medicine alasek@uic.edu  439 Pauline Maki Psychiatry Medicine 328 NPI 913 pmaki1@uic.edu  440 Amynah Pradhan Psychiatry Medicine 464 SPHPI 912 pradhan4@uic.edu  441 Dana Rusch Psychiatry Medicine 1747 Roosevelt 747 drusch1@uic.edu  442 Neil Smalheiser Psychiatry Medicine 525 PI 912 neils@uic.edu  443 Patrick Belvitch Pulmonary, Critical Care, Sleep and Allergy Medicine 3135 COMRB 719 pbelvitc@uic.edu  444 Drew Fancher Pulmonary, Critical Care, Sleep and Allergy Medicine ifancher@uic.edu  445 Irena Levitan Pulmonary, Critical Care, Sleep and Allergy Medicine 3097 COMRB 719 levitan@uic.edu  446 Valentin Prieto-Centurion Pulmonary, Critical Care, Sleep and Allergy Medicine 719 vprieto@uic.edu  447 Shiva Shahrara Rheumatology Medicine 1113 CSB 733 shahrara@uic.edu  448 Michael Calik Biobehavioral Health Science Nursing 740 NURS 804 mcalik@uic.edu  449 Melissa Carlucci Biobehavioral Health Science Nursing 718 NURS 802 mcarlu2@uic.edu  450 Lauren Diegel-Vacek Biobehavioral Health Science Nursing 760 NURS 802 ljvacek@uic.edu  451 Carol Ferrans Biobehavioral Health Science Nursing 606 NURS 802 cferrans@uic.edu  452 Anne Fink Biobehavioral Health Science Nursing 752 NURS 802 afink2@uic.edu  453 Cynthia Fritschi Biobehavioral Health Science Nursing 646 NURS 802 fritschi@uic.edu  454 Bilgay Izci Balserak Biobehavioral Health Science Nursing 638 NURS 802 bilgay@uic.edu  455 Denise Kent Biobehavioral Health Science Nursing 717 NURS 802 dlynch7@uic.edu  456 Pamela Martyn-Nemeth Biobehavioral Health Science Nursing 720 NURS 802 pmartyn@uic.edu  457 Lauretta Quinn Biobehavioral Health Science Nursing 724 NURS 802 lquinn1@uic.edu  458 Wendy Bostwick Health Systems Science Nursing 954 NURS 802 wbostw1@uic.edu  459 Colleen Corte Health Systems Science Nursing 938 NURS 802 ccorte@uic.edu  460 Kamal Eldeirawi Health Systems Science Nursing 1054 NURS 802 keldei1@uic.edu  461 Geraldine Gorman Health Systems Science Nursing 1058 NURS 802 ggorman@uic.edu  462 Patricia Hershberger Health Systems Science Nursing 1044 NURS 802 phersh@uic.edu  463 Saria Lofton Health Systems Science Nursing 1038 NURS 802 slofto4@uic.edu  464 Gwyneth Milbrath Health Systems Science Nursing 948 NURS 802 gwyneth@uic.edu  465 Shannon Zenk Health Systems Science Nursing 960 NURS 802 szenk@uic.edu  466 Jeannie Van Schyndel Pre-Nursing (Springfield Campus) Nursing Springfield jvanschy@uic.edu  467 Krista Jones Regional Nursing Program Nursing URBANA 313 kjones29@uic.edu  468 Teresa Krassa Regional Nursing Program Nursing URBANA 313 tjkrassa@uic.edu  469 Sarah Abboud Women, Children, and Family Health Science Nursing 816 NURS 802 abbouds@uic.edu  470 Natasha Crooks Women, Children, and Family Health Science Nursing 816 NURS 802 ncrooks@uic.edu  471 Pamela Gampetro Women, Children, and Family Health Science Nursing 844 NURS 802 gampetro@uic.edu  472 Mary Dawn Koenig Women, Children, and Family Health Science Nursing 814 NURS 802 marydh@uic.edu  473 Crystal Patil Women, Children, and Family Health Science Nursing 848 NURS 802 cpatil@uic.edu  474 Em Rabelais Women, Children, and Family Health Science Nursing 620 NURS 802 rabelais@uic.edu  475 Julienne Rutherford Women, Children, and Family Health Science Nursing 822 NURS 802 ruther4d@uic.edu  476 Judith Schlaeger Women, Children, and Family Health Science Nursing 856 NURS 802 jschlaeg@uic.edu  477 Susan Vonderheid Women, Children, and Family Health Science Nursing 843 NURS 802 vonde@uic.edu  478 Richard Gemeinhart Biopharmaceutical Sciences Pharmacy 357 PHARM 865 rag@uic.edu  479 Steve Lee Biopharmaceutical Sciences Pharmacy 335 PHARM 781 ssylee@uic.edu  480 Z. Jim Wang Biopharmaceutical Sciences Pharmacy 3320 MBRB 865 zjwang@uic.edu  481 Ashley Hall Forensic Science Pharmacy 456A PHARM 865 amhall7@uic.edu  482 Karl Larsen Forensic Science Pharmacy 452 PHARM 865 larsena@uic.edu  483 Joanna Burdette Medicinal Chemistry and Pharmacognosy Pharmacy 3202 MBRB 781 joannab@uic.edu  484 Chun-Tao Che Medicinal Chemistry and Pharmacognosy Pharmacy 323 PHARM 781 chect@uic.edu  485 Stephen DiMagno Medicinal Chemistry and Pharmacognosy Pharmacy 597 PHARM 781 sdimagno@uic.edu  486 Alessandra Eustaquio Medicinal Chemistry and Pharmacognosy Pharmacy 4352 MBRB 870 ase@uic.edu  487 Yu (Tom) Gao Medicinal Chemistry and Pharmacognosy Pharmacy 505 PHARM 781 yugao@uic.edu  488 Alexander Mankin Medicinal Chemistry and Pharmacognosy Pharmacy 3052 MBRB 870 shura@uic.edu  489 Terry Moore Medicinal Chemistry and Pharmacognosy Pharmacy 504 PHARM 781 twmoore@uic.edu  490 Brian Murphy Medicinal Chemistry and Pharmacognosy Pharmacy 3120 MBRB 781 btmurphy@uic.edu  491 Andrew Riley Medicinal Chemistry and Pharmacognosy Pharmacy 505 PHARM 781 apriley@uic.edu  492 Laura Sanchez Medicinal Chemistry and Pharmacognosy Pharmacy 321 PHARM 781 sanchelm@uic.edu  493 Juliana Chan Pharmacy Practice Pharmacy 164 CSB 886 jchan@uic.edu  494 Gail Mahady Pharmacy Practice Pharmacy 122 PHARM 886 mahady@uic.edu  495 Angela Kong Pharmacy Systems Pharmacy akong@uic.edu  496 Clara Awe Pharmacy Systems, Outcomes and Policy Pharmacy 176 PHARM 874 awe@uic.edu  497 Gregory Calip Pharmacy Systems, Outcomes and Policy Pharmacy 287C PHARM 871 gcalip@uic.edu  498 Stephanie Crawford Pharmacy Systems, Outcomes and Policy Pharmacy 258 PHARM 871 crawford@uic.edu  499 A. Simon Pickard Pharmacy Systems, Outcomes and Policy Pharmacy 254 PHARM 871 pickard1@uic.edu  500 Nicholas Popovich Pharmacy Systems, Outcomes and Policy Pharmacy nickp@uic.edu  501 Karin Opacich Administration Public Health 1182 SPHPI 923 kopacich@uic.edu  502 Karen Peters Community Health Sciences Public Health 678B SPHPI 923 kpeters@uic.edu  503 Wayne Giles Epidemiology and Biostatistics Public Health 1175 SPHPI 923 wgiles@uic.edu  504 William Kling Health Policy and Administration Public Health 749 SPHPI 923 wkling@uic.edu  505 Faith Bonecutter Social Work Social Work 4034 ECSW 309 faithjb@uic.edu  506 Barbara Coats Social Work Social Work 4131 ETMSW 309 bc1972@uic.edu  507 Christopher Mitchell Social Work Social Work 4022 ETMSW 309 cgm@uic.edu  508 Amy Watson Social Work Social Work 4242 EPSAW 309 acwatson@uic.edu  509 Art Acevedo Law UIC John Marshall Law School aaceved@uic.edu  510 Cynthia Bond Law UIC John Marshall Law School 315 S Plymouth 300 cbond3@uic.edu  511 Karen Cross Law UIC John Marshall Law School 7cross@jmls.edu  512 Darby Dickerson Law UIC John Marshall Law School darbyd@uic.edu  513 Ramsey Donnell Law UIC John Marshall Law School 315 S Plymouth 300 rdonnell@uic.edu  514 Sonia Green Law UIC John Marshall Law School sbgreen@uic.edu  515 Cecil Hunt Law UIC John Marshall Law School 7hunt@jmls.edu  516 Hugh Mundy Law UIC John Marshall Law School hmundy@uic.edu  517 Steve Schwinn Law UIC John Marshall Law School 315 S Plymouth 300 schwinn@uic.edu  518 Mark Wojcik Law UIC John Marshall Law School mwojcik@uic.edu  519 Rebecca Hendrick Public Administration Urban Planning and Public Affairs 134 CUPPAH 278 hendrick@uic.edu  520 Kelly LeRoux Public Administration Urban Planning and Public Affairs 135 CUPPAH 278 kleroux@uic.edu  521 Kheir Al-Kodmany Urban Planning and Policy Urban Planning and Public Affairs 237 CUPPAH 348 kheir@uic.edu  522 Phil Ashton Urban Planning and Policy Urban Planning and Public Affairs 217 CUPPAH 348 pashton@uic.edu  523 Kate Lowe Urban Planning and Policy Urban Planning and Public Affairs 238 CUPPA Hall 348 katelowe@uic.edu  524 Brenda Parker Urban Planning and Policy Urban Planning and Public Affairs 242 CUPPA 348 bkparker@uic.edu  525 Sanjeev Vidyarthi Urban Planning and Policy Urban Planning and Public Affairs 219 CUPPAH 248 svidy@uic.edu