https://www.math.uic.edu/persisting_utilities/people/faculty
MSCS Faculty - MSCS supplemental public website     Skip to content    MSCS Faculty - MSCS@UIC          Supplemental Public Utilities          Skip navigation     people    faculty  Faculty listings:   directory       by position     emeritus faculty   visiting scholars   teaching assistants   graduate students   associates   staff     seminars   today's
	      schedule   complete schedule   schedules by topic   search the archives   post a notice      course info   course webpages  MSLC schedule  schedule of classes  graduate courses  final exam schedules     faculty research   pure mathematics  applied mathematics  mathematics education  computer science  statistics     chicago symposium     intranet     give to MSCS       List by position     Faculty Directory       Name  Office  Phone  Email      Rafail Abramov   SEO 1223  312-413-7945   abramov@uic.edu     Danko Adrovic   SEO 725  312-413-9141   adrovic@math.uic.edu     Benjamin Antieau   SEO 419    dantie1@uic.edu     Will Ash   SEO 319  312-996-2446   wash@uic.edu     Gerard Awanou   SEO 1221  312-413-2167   awanou@uic.edu     Wilson Barajas   SEO 526  312-996-8941   wbaraj2@uic.edu     Joseph Berner   SEO 628  312-413-3744   jberne4@uic.edu     Martina Bode   SEO 323  312-413-3752   bodem@uic.edu     Jerry Bona   SEO 1208  312-413-2567   jbona@uic.edu     Tabes Bridges   SEO 309  312-413-2143   mbridg5@uic.edu     Filippo Calderoni   SEO 510  312-996-3527   fcaldero@uic.edu     Andrea Carter   SEO 621  312-413-3019   acarter0@uic.edu     Gerardo Castillo   SEO 526  312-996-8941   gcastil3@uic.edu     Alison Castro Superfine   SEO 325    amcastro@uic.edu     Yu Cheng   SEO 416  312-996-2186   yucheng2@uic.edu     Alexey Cheskidov   SEO 535  312-996-5273   acheskid@uic.edu     Michelle Chu   SEO 616    michu@uic.edu     Alina Carmen Cojocaru   SEO 415  312-413-9153   cojocaru@uic.edu     Izzet Coskun   SEO 423  312-413-2152   coskun@math.uic.edu     Mimi Dai   SEO 516  312-996-2440   mdai@uic.edu     Rankeya Datta   SEO 411    rankeya@uic.edu     Robin Dean   SEO 305    redean@uic.edu     Shavila Devi   SEO 726  312-996-8610   sdevi@uic.edu     Vi Diep   SEO 631  312-413-3742   vdiep3@uic.edu     Timothy Doyle   SEO 537  312-413-5439   doyletm@uic.edu     Fred Drueck   SEO 337  312-996-5122   fdruec1@uic.edu     David Dumas   SEO 503    ddumas@uic.edu     Lawrence Ein   SEO 405  312-996-2372   ein@uic.edu     Eduard Einstein   SEO 713  312-413-9576   einstein@uic.edu     Dale Embers   SEO 309  312-413-2143   dembers@uic.edu     Zachary Fox   SEO 1215    zfox3@uic.edu     James Freitag   SEO 716    jfreitag@uic.edu     Alexander Furman   SEO 409    furman@uic.edu     Michael Greenblatt   SEO 528  312-413-3741   greenbla@math.uic.edu     Daniel Groves   SEO 727    dgroves@uic.edu     Saleh Hamdan   SEO 618  312-413-3746   shamda4@uic.edu     Abbas Jaffary   SEO 725  312-413-9141   ajaffa2@uic.edu     Nathan Jones   SEO 410  312-413-9322   ncjones@uic.edu     Olga Kashcheyeva   SEO 718  312-413-2142   olga@math.uic.edu     Evangelos Kobotis   SEO 619  312-996-2146   evangelos@math.uic.edu     Anita Kursell   SEO 313  312-413-2174   akurse2@uic.edu     Daniel Lear   SEO 622  312-996-5924   lear@uic.edu     Matt Lee   SEO 319  312-996-2446   mattlee@uic.edu     Lia Liu   SEO 621  312-413-3019   yliu@uic.edu     Dibyen Majumdar   SEO 519  312-996-4833   dibyen@uic.edu     Danny Martin   EPASW 3440  312-413-0304   dbmartin@uic.edu     Mara Martinez   SEO 327    maravmar@uic.edu     Alycia McNamara   SEO 631  312-413-3742   alyciam@uic.edu     Marcus Michelen   SEO 630  312-996-5924   michelen@uic.edu     Harris Ahmed Mohammed Ismail   SEO 1217  312-996-7639   moham189@uic.edu     Dhruv Mubayi   SEO 620  312-413-8036   mubayi@uic.edu     Irina Nenciu   SEO 536  312-996-7694   nenciu@uic.edu     David Nicholls   SEO 1219  312-413-1641   davidn@uic.edu     Howard Nuer   SEO 504    hnuer@uic.edu     Cheng Ouyang   SEO 502  312-413-2153   couyang@math.uic.edu     Jennifer Pajda-Delao   SEO 305    jpajda2@uic.edu     Will Perkins   SEO 626  312-413-3735   willp@uic.edu     Shokouh Pourarian   SEO 317  312-413-2168   sharian@uic.edu     Victor Protsak   SEO 608  312-413-3746   vp20@uic.edu     Lev Reyzin   SEO 418  312-413-3745   lreyzin@uic.edu     Sean Rogers   SEO 608  312-413-3746   seanr@uic.edu     Christian Rosendal   SEO 507  312-996-2186   rosendal@math.uic.edu     Jenny Ross   SEO 315  312-996-5120   jross19@uic.edu     Julius Ross   SEO 521  312-413-2605   juliusro@uic.edu     Laura Schaposnik   SEO 509    schapos@uic.edu     Erin Schubert   SEO 321  312-413-8377   eschub1@uic.edu     Brooke Shipley   SEO 312  312-996-3044   shipleyb@uic.edu     Andrew Shulman   SEO 537  312-413-5439   ashulm2@uic.edu     Roman Shvydkoy   SEO 540  312-413-2967   shvydkoy@uic.edu     Gilberto Simpson   SEO 728  312-996-1724   gds1@uic.edu     Dima Sinapova   SEO 421  312-996-2371   sinapova@uic.edu     Christof Sparber   SEO 539  312-996-2443   sparber@uic.edu     Jenny Srikant   SEO 313  312-413-2174   jsrikan2@uic.edu     John Steenbergen   SEO 619  312-413-2146   jbergen@uic.edu     Nicholas Switala   SEO 1217  312-996-7639   nswitala@uic.edu     Ramin Takloo-Bighash   SEO 420  312-413-3743   rtakloo@math.uic.edu     Ian Tobasco   SEO 538  312-996-8616   itobasco@uic.edu     Irene Tsapara   SEO 317  312-413-2168   itsapara@uic.edu     Kevin Tucker   SEO 417  312-413-3150   kftucker@uic.edu     Gyorgy Turan   SEO 425  312-413-2151   gyt@uic.edu     Wouter Van Limbeek   SEO 511    wouter@uic.edu     Jan Verschelde   SEO 1210  312-996-4609   jan@math.uic.edu     Jing Wang   SEO 523  312-996-4835   jiwang12@uic.edu     Kevin Whyte   SEO 515  312-413-2158   kwhyte@uic.edu     Yichao Wu   SEO 506  312-413-2156   yichaowu@uic.edu     Jie Yang   SEO 513  312-413-3748   jyang06@math.uic.edu     Min Yang   SEO 517  312-996-8612   myang2@uic.edu     Wenliang Zhang   SEO 413    wlzhang@uic.edu     Ping-Shou Zhong   SEO 501  312-413-7691   pszhong@uic.edu           Web Privacy Notice  HTML 5  CSS  FAE              UIC  LAS  MSCS >  persisting_utilities >  people >  faculty     