https://catalog.uic.edu/gcat/faculty
Graduate Faculty < University of Illinois at Chicago      Skip to Content  AZ Index  Catalog Home  Institution Home         Academic Catalog     Search Catalog              Undergraduate Catalog  Graduate Catalog  Print / Download Options  UIC Home         The University of Illinois at Chicago         Catalog Navigation  Catalog Navigation      Graduate Catalog   Academic Calendar  The University  Graduate Study at UIC  Degree Programs  Colleges &​ Schools  Graduate Course Descriptions  Graduate College  Graduate Faculty  Archive &​ Links  Graduate College Website    Undergraduate Catalog  All Course Descriptions         Home / Graduate Catalog / Graduate Faculty   Graduate Faculty       College of Applied Health Sciences  College of Architecture, Design, and the Arts  College of Business Administration  College of Dentistry  College of Education  College of Engineering  Graduate College  College of Liberal Arts and Sciences  College of Medicine  College of Nursing  College of Pharmacy  School of Public Health  Jane Addams College of Social Work  College of Urban Planning and Public Affairs College of Applied Health Sciences  Biomedical and Health Information Sciences  Abraham, Joanna, PhD, Pennsylvania State University  Bimmerle, Cathleen, MS, Fordham University  Bond, Sam, MS, University of Illinois at Chicago  Boyd, Andrew D., MD, University of Texas Southwestern Medical Center  Brennan, Kevin, MS, University of Illinois at Chicago  Daugherty, John M., MS, University of Michigan  Dieter, Michael G., PhD, MBA, University of Illinois at Chicago  Hitchcock, Lois, MHA, University of LaVerne  Isola, Miriam, DrPH, University of Illinois at Chicago  Jorwic, Therese, MPH, University of Illinois at Chicago  Kalagidis, Olympia, MS, University of Illinois at Chicago  Kitsiou, Spyros, PhD, University of Macedonia  Krive, Jacob, PhD, Nova Southeastern University  Lebowicz, Leah, MS, University of Illinois at Chicago  Luciano, Christian, PhD, University of Illinois at Chicago  Orzechowski, John, MBA, Marquette University  Patena, Karen, MBA, DePaul University  Pawola, Lawrence M., PharmD, Shenandoah University of Virginia  Prater, Valerie, MBA, North Central College  Swirsky, Eric S., JD, American University  Valenta, Annette L., DrPH, University of Illinois at Chicago  Wellman, Christa, MAMS, University of Illinois at Chicago  Wencel-Drake, June D., PhD, University of Illinois at Chicago  Williams, Felicia, MPA, Roosevelt University  Young, Christine, MA, John Hopkins University  Disability and Human Development  Acharya, Kruti, MD, Boston University  Balcazar, Fabricio E., PhD, University of Kansas  Davis, Lennard, PhD, Columbia University  Fujiura, Glenn T., PhD, University of Illinois at Urbana-Champaign  Gill, Carol J., PhD, University of Illinois at Chicago  Grossman, Brian, PhD, University of California, San Francisco  Hammel, Joy, PhD, University of California, Berkeley  Hedman, Glenn, MEng, University of Virginia  Heller, Tamar, PhD, University of Illinois at Chicago  Magasi, Susan, PhD, University of Illinois at Chicago  Magaña, Sandy, PhD, Brandeis University  Mirza, Mansha, PhD, University of Illinois at Chicago  Owen, Randall, PhD, University of Illinois at Chicago  Parker Harris, Sarah, PhD, University of Sydney  Politano, Patricia, PhD, University of Illinois at Chicago  Rizzolo, Mary Kay, PhD, University of Illinois at Chicago  Sandahl, Carrie, PhD, University of Wisconsin-Madison  Sufian, Sandra M., PhD, New York University  Kinesiology and Nutrition  Baynard, Tracy, PhD, Syracuse University  Braunschweig, Carol Arbron, PhD, University of Michigan  Bustamante, Eduardo, PhD, University of Illinois at Chicago  Fantuzzi, Giamila, PhD, Universitá degli Studi di Milano (Italy)  Fernhall, Bo M., PhD, Arizona State University  Foucher, Kharma, MD, PhD, University of Illinois at Chicago  Grabiner, Mark D., PhD, University of Illinois at Urbana-Champaign  Haus, Jacob M., PhD, Ball State University  Koh, Timothy J., PhD, University of Calgary  Marquez, David X., PhD, University of Illinois at Urbana-Champaign  Odoms-Young, Angela M., PhD, Cornell University  Sawers, Andrew, PhD, University of Washington  Song, Zhenyuan, PhD, University of Arkansas  Varady, Kristina, PhD, McGill University  Occupational Therapy  Carroll, Theresa, OTD, OTR/L, Washington University  Fischer, Heidi, OTD, OTR/L, University of Illinois at Chicago  Fisher, Gail, PhD, OTR/L, University of Illinois at Chicago  Hammel, Joy M., PhD, OTR/L, University of California, Berkeley  Januszewski, Celeste, OTD, OTR/L, University of Illinois at Chicago  Khetani, Mary, ScD, OTR/L, Boston University  Killian, Catherine, OTD, OTR/L, University of Illinois at Chicago  Lee, Jenica, OTD, OTR/L, Washington University  Magasi, Susan, PhD, University of Illinois at Chicago  Mirza, Mansha, PhD, OTR/L, University of Illinois at Chicago  Peterson, Elizabeth W., PhD, OTR/L, Karolinska Institutet (Sweden)  Preissner, Kathy, EdD, OTR/L, Northern Illinois University  Stoffel, Ashley, OTD, OTR/L, Washington University  Suarez-Balcazar, Yolanda, PhD, University of Kansas  Taylor, Renee R., PhD, DePaul University  Physical Therapy  Arena, Ross, PhD, Virginia Commonwealth University  Aruin, Alexander, PhD, Institute of Traumatology and Orthopedics (Latvia)  Bhatt, Tanvi S., PhD, University of Illinois at Chicago  Courtney, Carol A., PhD, University of Miami  Girolami, Gay, PhD, University of Illinois at Chicago  Laddu, Deepika, PhD, University of Arizona  Madhavan, Sangeetha, PhD, University of Iowa  Phillips, Shane, PhD, Medical College of Wisconsin  Tzen, Yi-Ting, PhD, University of Pittsburgh   College of Architecture, Design, and the Arts  Architecture  Andersen, Paul, MArch, University of California, Los Angeles  Bair, Kelly, MArch, University of California, Los Angeles  Blankenbaker, Sarah, MArch, Southern California Institute of Architecture  Brown, David, MArch, University of California, Berkeley  Capomaggi, Julia, PhD, Polytechnic University of Barcelona  De Jong, Judith, MArch, Harvard Graduate School of Design  Dean, Penelope, PhD, University of California, Los Angeles  Dunn, Sarah, MArch, Columbia University  Eisenschmidt, Alexander, PhD, University of Pennsylvania  Frye, Chris, MArch, University of Illinois at Urbana-Champaign  Gibson, Grant, MArch, University of Illinois at Chicago  Hicks, Stewart, MArch, Princeton University  Jacob, Sam, Diploma in Architecture, Bartlett School of Architecture, London  Jaworska, Ania, MArch, Cranbrook Academy of Art  Kelley, Thomas, MArch, Princeton University  Lally, Sean, MArch, University of California, Los Angeles  Lyster, Clare, MArch, Yale University  Marullo, Francesco, PhD, Delft University of Technology  Moddrell, Andrew, MArch, Yale University  Preissner, Paul, MArch, Columbia University  Somol, Robert, PhD, University of Chicago  Wheeler, Daniel H., BArch, Rhode Island School of Design  Zago, Andrew, MArch, Harvard Univesity  Art  Fish, Julia, MA, Maryland Institute  Frid, Dianna, MFA, School of the Art Institute of Chicago  Geissler, Beate, Diploma, HFG/ZKM Karlsruhe (Germany)  Ischar, Douglas, MFA, California Institute of the Arts  Malagrino, Silvia A., MFA, University of Illinois at Chicago  Metzger, Matthew, MFA, University of Chicago  Peterman, Dan, MFA, University of Chicago  Raaf, Sabrina, MFA, School of the Art Institute of Chicago  Reeder, Jennifer, MFA, School of the Art Institute of Chicago  Smith, Cauleen, MFA, University of California, Los Angeles  Stratman, Deborah, MFA, California Institute of the Arts  Tasset, Anthony G., MFA, School of the Art Institute of Chicago  Young, Nate, MFA, California Institute of the Arts  Art History  Archias, Elise, PhD, University of California, Berkeley  Becker, Catherine, PhD, University of California, Berkeley  Dubin, Nina, PhD, University of California, Berkeley  Finegold, Andrew, PhD, Columbia University  Harmansah, Ömür, PhD, University of Pennsylvania  Higgins, Hannah B., PhD, University of Chicago  Lee, Lisa Yun, PhD, Duke University  Mekinda, Jonathan, PhD, University of Pennsylvania  Pollak, Martha, PhD, Massachusetts Institute of Technology  Quinn, Therese, PhD, University of Illinois at Chicago  Stimson, Blake, PhD, Cornell University  Design  Ahmadi, Pouya, MFA, University of Illinois at Chicago, FHNW HGK, Basel (Switzerland)  Anderson, Brian, MFA, School of the Art Institute of Chicago  Berbic, Amir, MFA, School of the Art Institute of Chicago  Bracamontes, Linda, Diploma, Schule fur Gestaltung (Switzerland)  Burdett, Ted, BFA, University of Illinois at Chicago  Burton, Philip C., BFA, Philadelphia College of Art  Davis, Ted, MFA, University of Illinois at Chicago, FHNW HGK, Basel  Erwin, Kim , MDes, Illinois Institute of Technology  Ferrill, Meghan, BA, University of Iowa  Ferrone, Felicia, BArch, Miami University of Ohio  Fisher, Jack Henrie, MFA, University of Illinois at Chicago  Hollaus, Invar, FHNW HGK, Basel (Switzerland)  Jang, Sung, Master in Design, Domus Academy, Milan (Italy)  Lausen, Marcia, MFA, Yale University  Leiner, Mischa, Bestätigung Weiterbildung für Grafik, Kunstgewerbeschule, Basel (Switzerland)  Lister, Andrew, MFA, Yale University  Mekinda, Jonathan, PhD, University of Pennsylvania  Melamed, Stephen, MFA, University of Illinois at Chicago  O'Keefe, TJ, MArch, University of Pennsylvania  Oiga, Sharon, MFA, Yale University  Pfanner, Peter, Master of Design, Illinois Institute of Technology  Renner, Michael, Bestätigung Weiterbildung für Grafik, Kunstgewerbeschule, Basel (Switzerland)  Ryan, Zoe, MA, Hunter College of the City University of New York  Susani, Marco, Master in Design, Domus Academy, Milan (Italy)  Towler Weese, Cheryl, MFA, Yale University  Tsoupikova-Preuss, Daria, MFA, Syracuse University  Wilkens, Kimberlee, MFA, University of Illinois at Chicago  Zolna, Robert, Master of Design, Illinois Institute of Technology   College of Business Administration  Accounting  Das, Somnath, PhD, Carnegie Mellon University  Kim, Kyonghee, PhD, University of Pittsburgh  Kirschenheiter, Michael, PhD, Northwestern University  Lee, Sung-Han (Sam), PhD, University of Southern California  Li, Siyi, PhD, Columbia University  Mashruwala, Raj, PhD, University of Texas at Dallas  Pandit, Shailendra, PhD, University of Rochester  Ramakrishnan, Ram T.S., PhD, Northwestern University  Wen, Xiaoyan, PhD, Carnegie Mellon University  Business Administration  Balachandran, Sudhakar, PhD, Harvard University  Bassett, Gilbert, PhD, University of Michigan  Bhattacharyya, Siddhartha, PhD, University of Florida  Bodnaruk, Andriy, PhD, Stockholm School of Economics  Bondarenko, Oleg P., PhD, California Institute of Technology  Brickson, Shelley, PhD, Harvard University  Chandrasekaran, Ranganathan, PhD, Indian Institute of Management  Chaplin, Lan, PhD, University of Minnesota  Chen, Boxiao (Beryl), PhD, University of Michigan  Chen, Gary, PhD, Northwestern University  Chen, Hsui-lang, PhD, University of Illinois at Urbana-Champaign  Chen, Jason, PhD, University of Michigan  Chirinko, Robert, PhD, Northwestern University  Cui, Ann, PhD, Michigan State University  Das, Somnath, PhD, Carnegie Mellon University  DeBerry-Spence, Benet, PhD, Northwestern University, Kellogg School of Management  Engel, Ellen, PhD, Stanford University  Gal, David, PhD, Stanford University  Guo, Re-Jin, PhD, University of Minnesota  Hu, Yuheng, PhD, Arizona State University  Ibrahim, Sajna, PhD, Binghamton University  Judd, Scott J., PhD, University of Arizona  Kirschenheiter, Michael, PhD, Northwestern University  Kluemper, Donald, PhD, Oklahoma State University  Le, Hanh, PhD, New York University  Lee, Chang, PhD, Northwestern University  Lee, Yew Sing (Thomas), PhD, Yale University  Li, Siyi, PhD, Columbia University  Liden, Robert, PhD, University of Cincinnati  Lynch, John, PhD, University of Georgia  Malter, Alan, PhD, University of Wisconsin-Madison  Manheim, Mary Beth Watson, PhD, Georgia Institute of Technology  Martin, Melissa, PhD, University of Southern California  McWilliams, Abagail, PhD, Ohio State University  Mikhail, Michael B., PhD, University of Chicago  Nadarajah, Selva, PhD, Carnegie Mellon University  Nakata, Cheryl, PhD, University of Illinois at Chicago  Nekrasov, Alexander, PhD, University of Minnesota-Twin Cities  Nguyen, Quoc, PhD, University of Illinois at Urbana-Champaign  O'Brien, William, PhD, Purdue University  Ouksel, M. Aris, PhD, Northwestern University  Pagano, Anthony M., PhD, Pennsylvania State University  Pandit, Shailendra (Shail), PhD, Ohio State University  Perkins, Susan, PhD, New York University  Potter, Richard, PhD, University of Arizona  Ramakrishnan, Ram, PhD, Northwestern University  Renko, Maija, PhD, Florida International University  Rosenthal, Dale, PhD, University of Chicago  Sauerwald, Steve, PhD, University of Texas at Dallas  Sclove, Stanley L., PhD, Columbia University  Shanley, Mark, PhD, University of Pennsylvania  Shrader, Rodney (Rod), PhD, Georgia State University  Sohaili Azad, Negar, PhD, Carnegie Mellon University  Spanjol, Jelena, PhD, University of Illinois at Urbana-Champaign  Tafti, Ali, PhD, University of Michigan  Tang, Elina, PhD, University of Missouri  Tulabadhula, Theja, PhD, Massachusetts Institute of Technology  Wang, Fangfang, PhD, University of North Carolina at Chapel Hill  Wayne, Sandra, PhD, Texas A&M University  Westland, J. Christopher, PhD, University of Michigan  Wynter, Matthew, PhD, Ohio State University  Zhang, Lan, PhD, University of Chicago  Zhang, Rong (Irene), PhD, University of Missouri-Columbia  Information and Decision Sciences  Bhattacharyya, Siddhartha, PhD, University of Florida  Chandrasekaran, Ranganathan, PhD, Indian Institute of Management  Lee, Yew Sing (Thomas), PhD, Yale University  Manheim, Mary Beth Watson, PhD, Georgia Institute of Technology  Nadarajah, Selvaprabu, PhD, Carnegie Mellon University  Ouksel, M. Aris, PhD, Northwestern University  Potter, Richard, PhD, University of Arizona  Sclove, Stanley L., PhD, Columbia University  Soheili Azad, Negar, PhD, Carnegie Mellon University  Tafti, Ali, PhD, University of Michigan  Wang, Fangfang, PhD, University of North Carolina at Chapel Hill  Westland, Christopher, PhD, University of Michigan  Zhang, Kungpeng, PhD, Northwestern University   College of Dentistry  Oral Sciences  Adami, Guy, PhD, University of Connecticut  Afshari, Fatemeh, DDS, MS, Harvard School of Dental Medicine, University of Illinois at Chicago  Alapati, Satish, DDS, MS, PhD, Bapuji Dental College and Hospital (India), Ohio State University  Alrayyes, Sahar, DDS,MS, Northwestern University Dental School, University of Illinois at Chicago  Ashrafi, Seema, DDS, MS , University of Illinois at Chicago  Atsawasuwan, Phimon, DDS, MSc, MS, PhD, Mahidol University (Thailand), Eastman Dental Institute (United Kingdom), University of North Carolina at Chapel Hill, University of Illinois at Chicago  Avenetti, David, DDS, MSD, MPH, University of California, Los Angeles; University of Washington  Bagchi, Srilata, PhD, University of Calcutta (India)  Bahcall, James, DMD, FICD, FACD, Marquette University, Tufts University  Bedran-Russo, Ana Karina, DDS, MS, State University of Campinas (Brazil)  Campbell, Stephen D., DDS, Medical College of Virginia  Caplin, Jennifer, DMD, MS, University of Pennsylvania, University of Illinois at Chicago  Chen, Lin, MD, MS, PhD, Chongqing Medical University (China), Ymagata University (Japan)  Chung, Seunghyuk, DVM, MS, PhD, Chungnam National University (South Korea), University of Calgary  Cohen, Rhonna, DDS, PhD, University of Illinois at Chicago  Colvard, Michael D., DDS, MTS, MS, PhD, FDS RCSEd , Loyola University Dental School , Graduate Theological Foundation, Royal college of Surgeons of Edinburgh (United Kingdom)  Cooper, Lyndon, DDS, PhD, New York University, University of Rochester  Crowe, David, DDS, PhD, Harvard University  DiPietro, Luisa, DDS, PhD, University of Illinois at Chicago  Doubleday, Alison, PhD, Indiana University  Fadavi-Rudsari, Shahrbanno, DDS, MS, University of Tehran , University of Illinois at Chicago  Fayad, Mohamed, DDS, MS, PhD, Cairo University (Egypt), University of Buffalo at New York  Gajendrareddy, Praveen, BDS, PhD, Medical University in Chennai (India), Ohio State University  Galang-Boquiren, Maria Therese, MS, DMD, University of the Philippines, University of Illinois at Chicago  Garcia, Mary Claire, DDS, MS, Loyola University, University of Illinois at Chicago  George, Anne, MSc, PhD, University of Saurashtra (India), University of Madras (India)  Gholami, Fatemah, DDS, MSD, MS, Tehran University of Medical Sciences (Iran), Nova Southeastern University College of Dental Medicine  Goben, Abigail, MLS, St. Johns University  Han, Michael, DDS, University of California, Los Angeles  Haque, Mehedia, DMD, Harvard School of Dental Medicine  Iriarte-Diaz, Jose, MS, PhD, Universidad de Chile (Chile), Brown University  Izaguirre, Gonzalo, PhD, University of Maryland  Johnson, Bradford R., DDS, MHPE, Virginia Commonwealth University , University of Illinois at Chicago  Karateew, Dwayne E., DDS, Columbia University  Kaste, Linda DDS, PhD, MS, University of Maryland at Baltimore, Harvard School of Public Health, University of North Carolina at Chapel Hill,  Kaste, Linda M., DDS, MS, PhD, University of North Carolina at Chapel Hill  Kawar, Nadia, BDS, MS, University of Jordan (Jordan), St. Louis University  Kim, Jiyeon, DMD, MS, Harvard School of Dental Medicine, University of California, Los Angeles  Knoernschild, Kent, DDS, MS, Southern Illinois University, University of Iowa  Koerber, Anne, DDS, PhD, Northwestern University Medical School, University of Iowa  Kratunova, Evelina, MDS, MFD, DCD, Trinity College Dublin (Ireland), University of Sofia (Bulgaria), Royal College of Surgeons (Ireland)  Kusnoto, Budi, DDS, MS, University of Indonesia, University of Illinois at Chicago  LeHew, Charles, MA, MPA, PhD, Northwestern University, University of Illinois at Chicago  Li, Haitao, DDS, PhD, MS, Capital University of Medical Sciences (China), University of Connecticut, University of Illinois at Chicago  Luan, Kevin, BDS, MS, Kings College, London (United Kingdom), University of Pennsylvania  Luan, Xianghong, MD, Harbin Medical University (China)  Marinis, Aristotelis, DDS, DMD, MS , National and Kapodistrian University of Athens (Greece), University of Iowa, University of Illinois at Chicago  Marion, Ian, DDS, MS, University of the Pacific, University of Washington  Markiewicz, Michael, DDS, MPH, MD, Oregon health and Science University, University at Buffalo, Oregon Health and Science University  Mathew, Mathew, PHD, University of Strathclyde, United Kingdom  Meng, Xiaoxian (Susan), DMD, PhD, MPH, University of Pennsylvania, University of Florida  Miloro, Michael, DMD, MD, FACS, Tufts University, University of Pennsylvania  Naqvi, Afsar, PhD, Jamia Millia Islamia and International Center for Genetic Engineering and Biotechnology (India)  Nares, Salvador, DDS, MS, PhD, MBA, University of Texas at El Paso, Texas A&M University, Baylor College of Dentistry  Nicholas, Christina, PhD, University of Iowa  Obaisi, Noor, DDS, MS, University of Illinois at Chicago  Obrez, Ales, DMD, PhD, University of Ljubljana Medical School (Republic of Slovenia), University of Illinois at Chicago  Patston, Philip A., DPhil, University of Oxford  Raja, Sheela, PhD, University of Illinois at Chicago  Ravindran, Sriram, PhD, University of Illinois at Chicago  Reed, David A., PhD, University of Chicago  Roucka, Tom, RN, DDS, MA, Medical College of Wisconsin, University of Illinois at Chicago  Sahni, Jasjot, DDS, Sri Guru Ramadas Institute of Dental Sciences and Research, Amritsar (India)  Schmerman, Michael, DDS, Northwestern Unviersity  Schwartz, Joel, DMD, DMSc, Harvard University  Stanford, Clark, DDS, PhD, University of Iowa  Steinberg, Arnold D., MS, University of Illinois  Sukotjo, Cortino, DDS, PhD,  Universitas Padjadjaran (Indonesia), University of California, Los Angeles  Tao, Lin, DDS, PhD, Beijing Medical University (China), University of Connecticut  Thalji, Ghadeer, DDS, PhD, University of Jordan, University of North Carolina at Chapel Hill  Tozum, Tolga, PhD, Gazi University, Hacettepe University (Turkey)  Tsay, Tzong Guang (Peter), DDS, MS, PhD, Taiwan University, Marquette University, Northwestern University  Viana , Maria Grace, MS, University of Rio de Janeiro (Brazil)  Watanabe, Keiko, DDS, MS, PhD , University of Southern California, University of Illinois at Chicago  Wu, Christine D., PhD, National Taiwain University, Loyola University  Xie, Qian, DDS, PhD, West China College Stomatology  Yang, Bin, DDS, PhD, Peking University (China), Christian-Albrechts University  Yuan, Judy Chia-Chun, DDS, PhD, State University of New York at Buffalo  Zhou, Xaiofeng (Charles), PhD, Boston University  da Fonseca, Marcio, DDS, PhD, Federal University of Juiz de Fora (Brazil), University of Minnesota, Twin Cities   College of Education  Curriculum and Instruction  Chou, Victoria, PhD, University of Wisconsin-Madison  Gavelek, James R., PhD, Washington State University  Gutstein, Eric, PhD, University of Wisconsin-Madison  Larnell, Gregory Vincent, PhD, Michigan State University  Martin, Danny Bernard, PhD, University of California, Berkeley  Morales, Paola Zitlali, PhD, University of California, Los Angeles  Morales-Doyle, Daniel, PhD, University of Illinois at Chicago  Olson, Jennifer, PhD, University of Illinois at Chicago  Phillips, Nathan, PhD, Vanderbilt University  Podsiadlik, Edward, PhD, University of Illinois at Chicago  Radinsky, Joshua, PhD, Northwestern University  Rao, Arthi, EdD, DePaul University  Raphael, Taffy E., PhD, University of Illinois at Urbana-Champaign  Razfar, Aria, PhD, University of California, Los Angeles  Schubert, William H., PhD, University of Illinois at Urbana-Champaign  Schutz, Kristine, PhD, University of Michigan  Tatum, Alfred, PhD, University of Illinois at Chicago  Trinder, Victoria, PhD, University of Illinois at Chicago  Varelas, Maria, PhD, University of Illinois at Chicago  Webb, Torica, PhD, Columbia University  Woodard, Rebecca, PhD, University of Illinois at Urbana-Champaign  Educational Policy Studies  Barron, Cynthia, PhD, Loyola University  Cosner, Shelby, PhD, University of Wisconsin-Madison  Irby, Decoteau, PhD, Temple University  Lipman, Pauline, PhD, University of Wisconsin-Madison  Mayrowetz, David, EdD, Rutgers University  Miller, Christopher, PhD, University of Wisconsin-Madison  Nguyen, Nicole, PhD, Syracuse University  Salisbury, Jason, PhD, University of Wisconsin-Madison  Stovall, David Omotoso, PhD, University of Illinois at Urbana-Champaign  Superfine, Benjamin M., PhD, University of Michigan  Tozer, Steven, PhD, University of Illinois at Urbana-Champaign  Educational Psychology  Becker, Joseph J., PhD, Queen Mary College, University of London  Brittian, Aerika, PhD, Tufts University  Goncu, Artin, PhD, University of Houston  Hellison, Donald R., PhD, Ohio State University  Horn, Stacey S., PhD, University of Maryland, College Park  Humphries, Marisha, PhD, University of Illinois at Chicago  Karabatsos, George, PhD, University of Chicago  Katsiaficas, Dalal, PhD, University of California, Los Angeles  Lawless, Kimberly A., PhD, University of Connecticut  Main, Catherine, MEd, University of Illinois at Chicago  Myford, Carol M., PhD, University of Chicago  Sheridan, Kathleen, PhD, University of Wisconsin-Madison  Smith, Jr., Everett V., PhD, University of Connecticut  Thomas, Michael, PhD, University of Indiana, Bloomington  Thorkildsen, Theresa A., PhD, Purdue University  Yin, Yue, PhD, Stanford University  Special Education  Cushing, Lisa, PhD, University of Oregon  Hughes, Marie  Tejero, PhD, University of Miami  Kim, Sunyoung, PhD, University of Wisconsin-Madison  Lopez-Reyna, Norma A., PhD, University of California, Santa Barbara  Maggin, Daniel M., PhD, Vanderbilt University  Parker-Katz, Michelle B., PhD, Michigan State University  Talbott, Elizabeth, PhD, University of Virginia  Waitoller, Federico, PhD, Arizona State University   College of Engineering  Bioengineering  Alapati, Satish B., PhD, Ohio State University  Amirouche, Farid M.L., PhD, University of Cincinnati  Ansari, Anjum, PhD, University of Illinois at Urbana-Champaign  Art, Jonathan J., PhD, University of Chicago  Azar, Dimitri, PhD, American University of Beirut  Banach, Kathrin, PhD, University of Bern  Banerjee, Prashant, PhD, Northwestern University  Bartholomew, Amelia, PhD, Purdue University  Bedran-Russo, Ana Karina, PhD, Piracicaba School of Dentistry  Benevolenskay, Elizaveta, PhD, Moscow State University  Berger-Wolf, Tanya, PhD, University of Illinois at Urbana-Champaign  Bhaumik, Dulal, PhD, University of Maryland Baltimore  Boehm, John, MS, University of Illinois at Urbana-Champaign  Boregowda, Satish, PhD, Old Dominion University  Brady, Scott T., PhD, University of Southern California  Brand-Rauf, Paul, DrPH, MD, ScD, Columbia University  Carley, David W., PhD, Harvard University  Cetinkunt, Sabri, PhD, Georgia Institute of Technology  Chambers, Donald A., PhD, Columbia University  Dai, Yang, PhD, University of Tsukuba (Japan)  DasGupta, Bhaskar, PhD, University of Minnesota  Diwekar, Urmila, PhD, Indian Institute of Technology  Drummond, James Lawrence, PhD, University of Illinois at Chicago  Dull, Randal, MD, PhD, University of Illinois at Chicago, Pennsylvania State University  Dyer, Norman, PhD, University of Illinois at Chicago  Eddington, David, PhD, University of Wisconsin-Madison  Eisenberg, Robert, PhD, University of College London  Ennis, William, DO, New York College of Osteopathic Medicine  Erricolo, Danilo, PhD, Polytechnic Institute of Milan  Esmailbeigi, Hananeh, PhD, University of Illinois at Chicago  Espinoza Orias, Alejandro, PhD, University of Notre Dame  Evans, Carlotta (Carla), MD, DDS, Harvard University, University of Michigan Ann Arbor  Feinerman, Alan D., PhD, Northwestern UnIversity  Feinstein, Douglas, MD, Johns Hopkins University  Felder, Anthony E., PhD, Univesity of Illinois at Chicago  Foucher, Kharma, MD/PhD, University of Illinois at Chicago  García-Martínez, Jesús, PhD, MD, Centro de Investigacion y Estudios Avanzados del IPN (Mexico) , Universidad Autonoma de Coahuila  Gemeinhart, Richard A., PhD, Purdue University  George, Anne, PhD, University of Madras (India)  Gimi, Barjor, PhD, University of Illinois at Chicago  Goldman, Jennifer, MD, Northwestern University  Grabiner, Mark D., PhD, University of Illinois at Urbana-Champaign  Hanley, Luke, PhD, State University of New York at Stony Brook  Hedman, Glenn, PhD, University of Illinois at Chicago  Hetling, John R., PhD, University of Illinois at Chicago  Huang, Felix, PhD, University of Michigan Ann Arbor  Iriarte Diaz, Felix, PhD, Brown University  Jeffery, Constance, PhD, University of California, Berkeley  Jimenez-Morales, David, PhD, University of Illinois at Chicago  Katra, Rodolphe, PhD, Case Western Reserve University  Kenney, Linda J., PhD, University of Pennsylvania  Kenyon, Robert V., PhD, University of California, Berkeley  Khetani, Salman R., PhD, University of California, San Diego  Klatt, Dieter, PhD, Humboldt University Berlin (Germany)  Koh, Timothy J., PhD, University of Calgary  Kotche, Miiri, PhD, University of Illinois at Chicago  Kotecha, Prakash, PhD, Indian Institute of Technology Bombay  LaDu, Mary Jo, PhD, University of Illinois at Chicago  Larson, Andrew, PhD, Northwestern University  Layton, Terry N., PhD, University of Virginia  Lazarov, Orly, PhD, Weizmann Institute of Science (Israel)  Lee, Adrian, MS, University of Illinois at Urbana-Champaign  Lee, James, PhD, University of Pennsylvania  Leow, Alex, MD, PhD, National Taiwan University, University of California, Los Angeles  Levitan, Irena, PhD, Hebrew University of Jerusalem  Li, Xue-Jun, PhD, Fudan University (China)  Liang, Jie, PhD, University of Illinois at Urbana-Champaign  Linninger, Andreas A., PhD, Technical University of Vienna  Liu, Chunyu, PhD, Hunan Medical University (China)  Lu, Hui, PhD, University of Illinois at Urbana-Champaign  Luciano, Cristian, PhD, University of Illinois at Chicago  Lundberg, Hannah, PhD, University of Iowa  Ma, Ao, PhD, Brown University  Magin, Richard L., PhD, University of Rochester  Mahmud, Nadim, PhD, Mie University (Japan)  Mansoori, G. Ali, PhD, University of Oklahoma  Mashayek, Farzad, PhD, State University of New York at Buffalo  Mathew, Mathew, PhD, University of Strathclyde, United Kingdom  Minshall, Richard D., PhD, University of Illinois at Chicago  Mogul, David, PhD, Northwestern University  Murer, Sasha  Erin, MD, PhD, University of Chicago, University of Illinois at Chicago  Natarajan, Raghu, PhD, University of London  Niederberger, Craig, PhD, University of Pittsburgh  Ochia, Ruth, PhD, University of Washington-Seattle  O’Neill, William D., PhD, University of Notre Dame  Pai, Clive, PhD, University of Iowa  Papautsky, Ian, PhD, University of Utah  Patton, James, PhD, Northwestern University  Patwardhan, Avinash, PhD, Oklahoma State University  Penn, Richard, MD, Columbia College of Physicians and Surgeons  Pepperberg, David R., PhD, Massachussetts Institute of Technology  Perkins, David, MD, PhD, Albert Einstein College of Medecine, Boston University  Petukhov, Pavel A., PhD, Novosibirsk Institute of Organic Chemistry (Russia)  Pietrzak, William, PhD, University of Illinois at Chicago  Plaas Sandy, Anna  H., PhD, University of Wales  Rehman, Jalees, MD, Technische Universitat (Germany)  Renner, Susan, PhD, University of Illinois at Chicago  Royston, Thomas J., PhD, Ohio State University  Rymer, William Zey, MD, PhD, Melbourne University (Australia), Monash University (Australia)  Saggere, Laxman, PhD, University of Michigan Ann Arbor  Salmon, Patrick, PhD, Université Pierre et Marie Curie (Paris)  Schonfeld, Dan, PhD, John Hopkins University  Schwartz, Joel, DMSc, DMD, Harvard University, Tufts University  Scott, Michael J., PhD, California Institute of Technology  Sena, Kotaro, PhD, Tokyo Medical and Dental University  Shabana, Ahmed, PhD, University of Iowa  Shapiro, Mark, PhD, University of Illinois at Chicago  Sharma, Sadhana, PhD, University of Illinois at Chicago  Shin, Jae-Won, PhD, University of Pennsylvania  Shippy, Scott, PhD, University of Illinois at Urbana-Champaign  Shokuhfar, Tolou, PhD, Michigan Technological University  Shukla, Deepak, PhD, University of Illinois at Chicago  Stebbins, Glenn, PhD, University of Arizona  Stroscio, Michael A., PhD, Yale University  Sugaya, Kiminobu, PhD, University of Tokyo  Sukotjo, Cortino, DDS, PhD, Universitas Padjadjaran (Indonesia), University of California, Los Angeles  Super, Boaz J., PhD, University of Texas Austin  Szlyk, Janet, PhD, Fordham University  Takoudis, Christos, PhD, University of Minnesota  Tek, Peter, BS, University of Illinois at Chicago  Towles, Joseph, PhD, Stanford University  Tresch, Matthew, PhD, Massachusetts Institute of Technology  Ucker, David, PhD, University of California, San Francisco  Virdi, Amarjit, PhD, University of Oxford  Walsh, Michael, PhD, University of Lancaster (United Kingdom)  Wang, Yong, PhD, Fourth Military Medical University (China)  Weinberg, Guy, BS, Tulane University  Westbrook, Carol, PhD, University of Chicago  Wimmer, Markus, PhD, Technical University Munich  Yang, Shaolin, PhD, Wuhan University (China)  Yao, Xincheng, PhD, Chinese Academy of Sciences  Zeng, Fanyi, MD/PhD, University of Pennsylvania  Zheng, Qiping, PhD, Fudan University (China)  Zhou, Xiaohong (Joe), PhD, University of Illinois at Urbana-Champaign  Chemical Engineering  Al-Hallaj, Said, PhD, Illinois Institute of Technology  Berry, Vikas, PhD, Virginia Polytechnic Institute and State University  Chaplin, Brian, PhD, University of Illinois at Urbana-Champaign  Cheng, Gang, PhD, University of Washington  Jameson, Cynthia, PhD, University of Illinois at Urbana-Champaign  Kim, Sangil, PhD, Virginia Polytechnic Institute and State University  Liu, Ying, PhD, Princeton University  Mansoori, G. Ali, PhD, University of Oklahoma  Mehraeen, Shafigh, PhD, Stanford University  Nitsche, Ludwig C., PhD, Massachusetts Institute of Technology  Sharma, Vivek, PhD, Georgia Institute of Technology  Singh, Meenesh, PhD, Purdue University  Takoudis, Christos, PhD, University of Minnesota  Wedgewood, Lewis E., PhD, University of Wisconsin-Madison  Zdunek, Alan, PhD, Illinois Institute of Technology  Civil and Materials Engineering  Ansari, Farhad, PhD, University of Illinois at Chicago  Burke, Christopher B., PhD, Purdue University  Chi, Sheng-Wei, PhD, University of California, Los Angeles  Chudnovsky, Alexander, PhD, Leningrad Civil Engineering Institute (Russia)  Derrible, Sybil, PhD, University of Toronto  Foster, Craig, PhD, Stanford University  Indacochea, J. Ernesto, PhD, Colorado School of Mines  Issa, Mohsen A., PhD, University of Texas  Karpov, Eduard, PhD, University of Southampton (England)  Khodadoust, Amid, PhD, University of Cincinnati  Lin, Jie (Jane), PhD, University of California, Davis  Mahamid, Mustafa, PhD, University of Wisconsin-Milwaukee  McNallan, Michael J., PhD, Massachusetts Institute of Technology  Mohammadian, Abolfazl (Kouros), PhD, University of Toronto  O'Connor, Ben, PhD, University of Minnesota  Ozevin, Didem, PhD, Lehigh University  Reddy, Krishna R., PhD, Illinois Institute of Technology  Rockne, Karl J., PhD, University of Washington  Theis, Thomas, PhD, University of Notre Dame  Wu, Chien Heng, PhD, University of Minnesota  Zou, Bo, PhD, University of California, Berkeley  Computer Science  Berger-Wolf, Tanya, PhD, University of Illinois at Urbana-Champaign  Bernstein, Daniel J., PhD, University of California, Berkeley  Buy, Ugo A., PhD, University of Massachusetts  Checkoway, Stephen, PhD, University of California, San Diego  Cruz, Maria Isabel, PhD, University of Toronto  DasGupta, Bhaskar, PhD, University of Minnesota  Di Eugenio, Barbara, PhD, University of Pennsylvania  Eriksson, Jakob, PhD, University of California, Riverside  Gmytrasiewicz, Piotr, PhD, University of Michigan  Johnson, Andrew, PhD, Wayne State University  Kenyon, Robert V., PhD, University of California, Berkeley  Kshemkalyani, Ajay D., PhD, Ohio State University  Lillis, John, PhD, University of California, San Diego  Linninger, Andreas A., PhD, Vienna University of Technology  Liu, Bing, PhD, University of Edinburgh (U.K.)  Lyons, Leilah B., PhD, University of Michigan  Moher, Thomas G., PhD, University of Minnesota  Nelson, Peter C., PhD, Northwestern University  Rhodes, Charles Kirkham, PhD, Massachusetts Institute of Technology  Schonfeld, Dan, PhD, Johns Hopkins University  Shatz, Sol M., PhD, Northwestern University  Sistla, Prasad Aravinda, PhD, Harvard University  Sloan, Robert H., PhD, Massachusetts Institute of Technology  Solworth, Jon A., PhD, Courant Institute of Mathematical Science, New York University  Taylor, Cynthia, PhD, University of California, San Diego  Vamanan, Balajee, PhD, Purdue University  Venkatesan, Natarajan Venkatakrishnan, PhD, Stony Brook University  Wolfson, Ouri, PhD, Columbia University  Yu, Philip S., PhD, Stanford University  Zhang, Xinhua, PhD, Australian National University  Zuck, Lenore, PhD, Weizmann Institute of Science (Israel)  Computer Science Adjunct Faculty  Darabi, Houshang, PhD, Rutgers University  Hites, Michael, PhD, Illinois Institute of Technology  Jones, Steve, PhD, University of Illinois at Urbana-Champaign  Liang, Jie, PhD, University of Illinois at Urbana-Champaign  Ohlsson, Stellan, PhD, University of Stockholm (Sweden)  Patton, Jim, PhD, Northwestern University  Rao, Wenjing, PhD, University of California, San Diego  Reyzin, Lev, PhD, Yale University  Shafiro, Valeriy, PhD, City University of New York  Turan, Gyrorgy, PhD, Joszef A. University (Hungary)  Zefran, Milos, PhD, University of Pennsylvania  Electrical and Computer Engineering  Ansari, Rashid, PhD, Princeton University  Devroye, Natasha, PhD, Harvard University  Dutt, Shantanu, PhD, University of Michigan  Dutta, Mitra, PhD, University of Cincinnati  Erricolo, Danilo, PhD, University of Illinois at Chicago  Feinerman, Alan D., PhD, Northwestern University  Liu, Derong, PhD, University of Notre Dame  Mazumder, Sudip, PhD, Virginia Polytechnic Institute and State University  Metlushko, Vitali V, PhD, Moscow State University  Paprotny, Igor, PhD, Dartmouth College  Rao, Wenjing, PhD, University of California, San Diego  Schonfeld, Dan, PhD, Johns Hopkins University  Seferoglu, Hulya, PhD, University of California, Irvine  Shi, Junxia (Lucy), PhD, Cornell University, Ithaca  Smida, Besma, PhD, University of Quebec, INRS  Soltanalian, Mojtaba, PhD, Uppsala University  Stroscio, Michael A., PhD, Yale University  Trivedi, Amit, PhD, Georgia Institute of Technology  Tuninetti, Daniela, PhD, Telecom Paris  Yang, Zheng, PhD, University of California, Riverside  Zefran, Milos, PhD, University of Pennsylvania  Zhang, Amit, PhD, College of William and Mary  Zhu, Zhichun, PhD, College of William and Mary  Mechanical and Industrial Engineering  Abiade, Jeremiah, PhD, University of Florida, Gainesville  Aggarwal, Suresh K., PhD, Georgia Institute of Technology  Amirouche, Farid M.L., PhD, University of Cincinnati  Anand, Sushant, PhD, University of Cin  Banerjee, Prashant, PhD, Purdue University  Baranescu, Rodica, PhD, University of Politehnica Bucharest (Romania)  Berniker, Max, PhD, Massachusetts Institute of Technology  Brezinsky, Kenneth, PhD, City University of New York  Brown, Michael A., PhD, University of Illinois at Chicago  Cetinkunt, Sabri, PhD, Georgia Institute of Technology  Cha, Soyoung S., PhD, University of Michigan  Darabi, Houshang, PhD, Rutgers University  Hatami-Marbini, Hamed, PhD, Rensselaer Polytechnic Institute  He, David, PhD, University of Iowa  Hu, Mengqi, PhD, Arizona State University  Li, Lin, PhD, University of Michigan  Lilley, Carmen, PhD, Northwestern University  Lucian, Cristian, PhD, University of Illinois at Chicago  Mashayek, Farzad, PhD, State University of New York at Buffalo  Megaridis, Constantine, PhD, Brown University  Minkowycz, W. J., PhD, University of Minnesota  Pan, Yayue, PhD, University of Southern California  Paoli, Roberto, PhD, University of Rome La Sapienza  Royston, Thomas J., PhD, Ohio State University  Ryan, William A., PhD, Illinois Institute of Technology  Saggere, Laxman, PhD, University of Michigan Ann Arbor  Salehi-Khojin, Amin, PhD, Clemson University  Scott, Michael J., PhD, California Institute of Technology  Shabana, Ahmed A., PhD, University of Iowa  Shahbazian-Yassar, Reza, PhD, Washington State University  Siow, Yeow, PhD, Michigan Technological University  Subramanian, Arunkumar, PhD, Institute of Robotics, ETH Zurich  Szwalek, Jamison, PhD, University of Michigan  William, Quintin, PhD, University of Minnesota at Twin Cities  Xu, Jie, PhD, Columbia University  Yarin, Alexander, PhD, Institute for Problems in Mechanics (Russia)   Graduate College  Learning Sciences  Castro Superfine, Alison, PhD, University of Michigan  Goldman, Susan R., PhD, University of Pittsburgh  Lawless, Kimberly, PhD, University of Connecticut  Lyons, Leilah, PhD, University of Michigan  Martin, Danny Bernard, PhD, University of California, Berkeley  Martinez, Mara, PhD, Tufts University  Moher, Thomas G., PhD, University of Minnesota  Pellegrino, James W., PhD, University of Colorado  Radinsky, Joshua, PhD, Northwestern University  Stieff, Mike, PHD, Northwestern University  Tozer, Steve, PhD, University of Illinois at Urbana-Champaign  Wink, Donald J., PhD, Harvard University  Neuroscience  Abrams, Charles, MD, PhD, Albert Einstein College of Medicine  Ajilore, Olusola, MD, PhD, Stanford University  Alfonso, Aixa, PhD, University of Wisconsin-Madison  Alford, Simon T., PhD, University of London  Art, Jonathan J., PhD, University of Chicago  Aruin, Alexander S., PhD, Institute of Traumatology and Orthopedics (Latvia)  Bell, Aleeca, PhD, University of Illinois at Chicago  Berniker, Max, PhD, Massachusetts Institute of Technology  Bongarzone, Ernesto R., PhD, University of Buenos Aires  Brady, Scott T., PhD, University of Southern California  Brodie, Mark S., PhD, University of Illinois at Chicago  Calik, Michael, PhD, Loyola University (Chicago)  Carley, David W., PhD, Harvard University  Carrithers, Michael, MD, PhD, University of Illinois at Urbana-Champaign  Chang, Chieh, PhD, California Institute of Technology  Chauhan, Neelima B., PhD, University of Baroda (India)  Childs, Emma, PhD, King's College, London  Chuang, Chiou-Fen, PhD, California Institute of Technology  Chung, Seung, DVM, PhD, University of Calgary Cumming School of Medicine (Canada)  Cologna, Stephanie, PhD, Texas A&M University  Cook, Edwin H., MD, University of Texas Medical Branch at Galveston  Dong, Erbo, PhD, Toyama University (Japan)  Eddington, David, PhD, University of Wisconsin, Madison  Feinstein, Douglas, PhD, Johns Hopkins University  Gavin, David, MD, University of Illinois at Chicago  Gong, Liang-Wei, PhD, Cornell University  Grassi, Michael, MD, Northwestern University  Grayson, Dennis , PhD, Wayne State University  Guidotti, Alessandro, MD, New York University  Hasan, Ziaul, PhD, Massachusetts Institute of Technology  Herbener, Ellen, PhD, Harvard University  Hetling, John R., PhD, University of Illinois at Chicago  Hornby, Thomas George, PhD, University of Arizona  Janson, Christopher, MD, Yale University  Jeffrey, Constance, PhD, University of California, Berkeley  Jin, Hua, PhD, University of Michigan-Ann Arbor  LaDu, Mary Jo, PhD, University of Illinois  Langenecker, Scott, PhD, Marquette University  Larson, John, PhD, University of California, Irvine  Lasek, Amy, PhD, Cornell University  Lasley, Stephen M., PhD, University of Louisville  Laurito, Charles E., MD, University of Pittburgh  Lazarov, Orly, PhD, Weizmann Institute of Science (Israel)  Leonard, John P., PhD, Cornell University  Leow, Alex, MD, PhD, University of California, Los Angeles  Loeb, Jeffrey, MD, PhD, University of Illinois at Chicago  Lutz, Sarah, PhD, Albert Einstein College of Medicine  Lysakowski, Anna, PhD, University of Illinois  Madhavan, Sangeetha, PhD, Northwestern University  Magin, Richard L., PhD, University of Rochester  Maki, Pauline M., PhD , University of Minnesota  Malchow, Robert Paul, PhD, State University of New York at Stony Brook  McAnay, James, PhD, University of Illinois at Chicago  Minshall, Richard, PhD, University of Illinois at Chicago  Morfini, Gerardo, PhD, National University of Cordoba (Argentina)  O'Bryan, John P., PhD, University of North Carolina at Chapel Hill  O’Neill, William D., PhD, University of Notre Dame  Pandey, Dilip, PhD, University of Texas  Pandey, Ghanshyam N., PhD ,  Pandey, Subhash, PhD, Central Drug Research Institute (India)  Park, Thomas J., PhD, University of Maryland  Patton, James, PhD, Northwestern University  Pavuluri, Nagamani (Mani), PhD, MD, Andra University (India), University of Otago (New Zealand)  Pepperberg, David, PhD, Massachusetts Institute of Technology  Phan, Luan K., MD, University of Michigan  Pliskin, Neil, MD, University of Illinois at Chicago  Pradhan, Amynah, PhD, McGill University  Ragozzino, Michael E., PhD, University of Virginia  Rasenick, Mark M., PhD, Wesleyan University  Reilly, Stephen, PhD, University of York (England)  Richmond, Janet E., PhD, University of Calgary  Roitman, Jamie, PhD, University of Washington  Roitman, Mitchell, PhD, University of Washington-Seattle  Rosen, Cherise, PhD,  Saxena, Ankur, PhD, University of Texas Southwestern Medical Center  Schonfeld, Dan, PhD, John Hopkins University  Shahidi, Mahnaz, PhD, University of Illinois at Chicago  Sharma, Kamal, PhD, All India Institute of Medical Sciences  Sharma, Rajiv, MD, Ghandi Medical College (India)  Shippy, Scott, PhD, University of Illinois at Urbana-Champaign  Slavin, Konstantin, MD, Azerbaijan State Medical Institute  Smalheiser, Neil R., MD, PhD, Yeshiva (Einstein)  Song, Fei, PhD, Kyushu University (Japan)  Stratford, Thomas, PhD, University of Illinois at Chicago  Testai, Fernando, MD, PhD, Univesity of Buenos Aires  Thatcher, Gregory R., PhD, University of Toronto  Thulborn, Keith R., MD, Washington University  Valyi-Nagy, Tibor, MD, PhD, Hungarian Academy of Sciences  Wang, Zaije Jim, PhD, University of California, San Francisco  Weinburg, Guy, MD, Chicago Medical School  Wheeler, Peggy, MD, University of Illinois at Chicago  Wirtshafter, Robert David, PhD, University of Illinois at Chicago  Wolf, William, PhD, George Washington University  Yoshii, Akira, MD, PhD, Keio University (Japan)   College of Liberal Arts and Sciences  Anthropology  Bauer, Brian S., PhD, University of Chicago  Bedi, Tarini, PhD, University of Illinois at Chicago  Doane, Molly, PhD, City University of New York  Feinman, Gary, PhD, City University of New York  Hasenstab, Robert J., PhD, University of Massachusetts  Hendrickson, Mitch, PhD, University of Sydney  Junker, Laura Lee, PhD, University of Michigan  LaMotta, Vincent, PhD, University of Arizona  Liechty, Mark, PhD, University of Pennsylvania  Monaghan, John D., PhD, University of Pennsylvania  Palka, Joel W., PhD, Vanderbilt University  Parkinson, William, PhD, University of Michigan  Reddy, Gayatri, PhD, Emory University  Roosevelt, Anna C., PhD, Columbia University  Terrell, John, PhD, Harvard University  Wali, Alaka, PhD, Columbia University  Williams, Patrick, PhD, University of Florida  Williams, Sloan, PhD, Northwestern University  Biological Sciences  Alfonso, Aixa, PhD, University of Wisconsin-Madison  Ashley, Mary V., PhD, University of California, San Diego  BassiriRad, Hormoz, PhD, University of Arizona  Brown, Joel S., PhD, University of Arizona  Chang, Chieh, PhD, California Institute of Technology  Chuang, Chiou-Fen, PhD, California Institute of Technology  Dubreuil, Ronald R., PhD, University of Illinois at Chicago  Gong, Liang-Wei, PhD, First Military Medical University  Gonzalez-Meler, Miquel, PhD, University of Barcelona  Howe, Henry F., PhD, University of Michigan-Ann Arbor  Igic, Boris, PhD, University of California, San Diego  Jeffery, Constance, PhD, University of California, Berkeley  Kay, Brian K., PhD, Yale University  Lynch, Jeremy, PhD, New York University  Malchow, Robert Paul, PhD, State University of New York at Stony Brook  Mason-Gamer, Roberta J., PhD, University of Connecticut  Minor, Emily, PhD, Duke University  Morrison, Donald A., PhD, Yale University  Okkema, Peter G., PhD, University of Wisconsin-Madison  Orenic, Teresa Vales, PhD, Northwestern University  Park, Thomas J., PhD, University of Maryland  Polikanov, Yury, PhD, Rutgers University  Poretsky, Rachel, PhD, University of Georgia  Richmond, Janet E., PhD, University of Calgary  Saxena, Ankur, PhD, University of Texas Southwestern Medical Center  Stabb, Eric V., PhD, University of Wisconsin-Madison  Stone, David E., PhD, University of Wisconsin-Madison  Warpeha, Katherine M., PhD, University of Illinois at Urbana-Champaign  Wise, David H., PhD, University of Michigan  Chemistry  Aldrich, Leslie, PhD, Vanderbilt University  Anderson, Laura, PhD, University of California, Berkeley  Cabana, Jordi, PhD, Universitat Autònoma de Barcelona (Spain)  Cho, Wonhwa, PhD, University of Chicago  Cologna, Stephanie, PhD, Texas A&M University  DiMagno, Stephen, PhD, University of California, Berkeley  Driver, Tom, PhD, University of California, Irvine  Fung, Leslie, PhD, Massachusetts Institute of Technology  Gevorgyan, Vladimir, PhD, Institute of Organic Synthesis (Latvia)  Glusac, Ksenija, PhD, University of Florida  Hanley, Luke, PhD, State University of New York at Stony Brook  Hu, Ying, PhD, Rice University  Jiang, Nan, PhD, Chinese Academy of Sciences (PRC)  Kral, Petr, PhD, Academy of Sciences (Prague)  Lee, Daesung, PhD, Stanford University  Lorieau, Justin, PhD, Columbia University  Mankad, Neal, PhD, California Institute of Technology  Miller, Lawrence, PhD, University of Wisconsin-Madison  Mohr, Justin, PhD, California Institute of Technology  Shippy, Scott, PhD, University of Illinois at Urbana-Champaign  Snee, Preston, PhD, University of California, Berkeley  Stieff, Michael, PhD, Northwestern University  Trenary, Michael, PhD, Massachusetts Institute of Technology  Wardrop, Duncan, PhD, University of Glasgow (United Kingdom)  Wink, Donald J., PhD, Harvard University  Yang, Xiaojing, PhD, University of Chicago  Zhou, Huan-Xiang, PhD, Drexel University  Communication  Abril, Eulàlia P., PhD, University of Wisconsin-Madison  Jones, John A., PhD, University of Illinois at Urbana-Champaign  Jones, Steven A., PhD, University of Illinois at Urbana-Champaign  Lind, Rebecca Ann, PhD, University of Minnesota  Massanari, Adrienne, PhD, University of Washington  Meraz, Sharon, PhD, University of Texas at Austin  Papacharissi, Zizi, PhD, University of Texas at Austin  Rojecki, Andrew, PhD, Northwestern University  Yuan, Jingyan Elaine, PhD, Northwestern University  Criminology, Law, and Justice  Bird, Jessica, PhD, University of Edinburgh  Erez, Edna, PhD, University of Pennsylvania  Frohmann, Lisa, PhD, University of California, Los Angeles  Hagedorn, John M., PhD, University of Wisconsin-Milwaukee  Ibarra, Peter, PhD, University of California, Santa Cruz  Matoesian, Greg, PhD, University of Missouri-Columbia  McCarty, William, PhD, University of Nebraska  Richie, Beth, PhD, City University of New York  Rodriguez, Helena Olea, LLM, JD, Notre Dame, Universidad de los Andes, Bogota (Colombia)  Rosenbaum, Dennis P., PhD, Loyola University Chicago  (Emeritus)  Schewe, Paul, PhD, Northern Illinois University  Schuck, Amie M., PhD, University of South Florida  Ullman, Sarah E., PhD, Brandeis University  Earth and Environmental Sciences  Berkelhammer, Max, PhD, University of Southern California  Bogner, Jean E., PhD, Northern Illinois University  Dombard, Andrew, PhD, Washington University in St. Louis  Gonzalez-Meler, Miquel, PhD, University of Barcelona  Guggenheim, Stephen J., PhD, University of Wisconsin-Madison  Kenig, Fabien, PhD, Universite d’Orleans (France)  Lesht, Barry, PhD, University of Chicago  Meyer-Dombard, D'Arcy, PhD, Washington University in St. Louis  Nagy, Kathryn L., PhD, Texas A&M University  Plotnick, Roy E., PhD, University of Chicago  Sit, Stefany, PhD, Miami University  Stein, Carol A., PhD, Columbia University  Economics  Casey, Marcus D., PhD, University of Illinois at Urbana-Champaign  Chaloupka, Frank J., PhD, City University of New York  Feigenberg, Benjamin, PhD, Massachusetts Institute of Technology  Hembre, Erik, PhD, University of Wisconsin  Kaestner, Robert, PhD, City University of New York  Karras, Georgios, PhD, Ohio State University  Lehrer, Evelyn L., PhD, Northwestern University  Lubotsky, Darren, PhD, University of California, Berkeley  Officer, Lawrence H., PhD, Harvard University  Ost, Ben, PhD, Cornell University  Peck, Richard Merton, PhD, Princeton University  Persky, Joseph J., PhD, Harvard University  Pieper, Paul J., PhD, Northwestern University  Qureshi, Javaeria, PhD, University of Chicago  Rivkin, Stephen G., PhD, University of California, Los Angeles  Stokes, Houston, PhD, University of Chicago  Tauras, John A., PhD, University of Illinois at Chicago  English  Agnani, Sunil, PhD, Columbia University  Ashton, Jennifer, PhD, Johns Hopkins University  Barnes, Natasha, PhD, University of Michigan  Bestul, Thomas H., PhD, Harvard University  Brown, Nicholas, PhD, Duke University  Cameron, Richard, PhD, University of Pennsylvania  Canuel, Mark, PhD, Johns Hopkins University  Chiang, Mark, PhD, University of California, Berkeley  Cintron, Ralph, PhD, University of Illinois at Chicago  Clarke, Ainsworth, Cornell University  Coveillo, Peter, PhD, Cornell University  Davis, Lennard, PhD, Columbia University  DeStigter, Todd, PhD, University of Michigan-Ann Arbor  Dubey, Madhu, PhD, University of Illinois at Urbana-Champaign  Feldman, Ann, PhD, State University of New York at Buffalo  (Emerita)  Freeman, Lisa, PhD, University of Pennsylvania  Gardiner, Judith Kegan, PhD, Columbia University  (Emerita)  Graff, Gerald, PhD, Stanford University  (Emeritus)  Grey, Robin S., PhD, University of California, Los Angeles  Grimes, Christopher, PhD, University of Wisoconsin-Milwaukee  Harkin, Patricia, PhD, Miami University  (Emerita)  Havelrock, Rachel, PhD, University of California, Berkeley  Hulse, S. Clark, PhD, Claremont Graduate University  (Emeritus)  Huntington, John W., PhD, University of California, Berkeley  (Emeritus)  Jun, Helen , PhD, University of California, San Diego  Kornbluh, Anna, PhD, University of California, Irvine  Lukacher, Ned, PhD, Duke University  (Emeritus)  Mazza, Christina L., MFA, City University of New York, Brooklyn  McCloskey, Deirdre, PhD, Harvard University  Michaels, Walter Benn, PhD, University of California, Santa Barbara  Mufti, Nasser, PhD, University of California, Irvine  Pugh, Christina, PhD, Harvard University  Reames, Robin, PhD, Carnegie Mellon University  Reeves, Roger, PhD, University of Texas, Austin  Rose, Mary Beth, PhD, Duke University  Schaafsma, David, PhD, University of Michigan  Tabbi, Joseph, PhD, University of Toronto  Thomas, Alfred, PhD, Cambridge University, Trinity Hall  Urrea, Luis A., MA, University of Chicago  Whalen, Terence, PhD, Duke University  Wildman, Eugene, MA, University of Chicago  (Emeritus)  Williams, Jessica, PhD, University of Pennsylvania  Winters, Anne, PhD, University of California, Berkeley  (Emerita)  Xiang, Xuehua, PhD, Pennsylvania State University  French and Francophone Studies  Ireland, John, PhD, New York University  McClure, Ellen M., PhD, University of Michigan  Miner, Margaret, PhD, Yale University  Robert, Yann, PhD, Princeton University  Germanic Studies  Fortmann, Patrick, PhD, Harvard University  Hall, Sara F., PhD, University of California, Berkeley  Loentz, Elizabeth A., PhD, Ohio State University  Meyer, Imke, PhD, University of Washington  Rott, Susanne, PhD, University of Illinois at Urbana-Champaign  Schlipphacke, Heidi, PhD, University of Washington  Tantillo, Astrida Orle, PhD, University of Chicago  Hispanic and Italian Studies  Cabrelli Amaro, Jennifer, PhD, University of Florida  Cameron, Richard, PhD, University of Pennsylvania  Gajic, Tatjana, PhD, Duke University  González-Vilbazo, Kay, PhD, University of Cologne  Hernández-Pecoraro, Rosilie, PhD, University of California, Irvine  López-Carretero, Luis, PhD, Cornell University  Marsh, Walter Steven, PhD, Queens College  Morgan-Short, Kara, PhD, Georgetown University  Niebylski, Dianna, PhD, Brandeis University  Núñez-Cedeño, Rafael, PhD,  University of Minnesota  Potowski, Kimberly, PhD, University of Illinois at Urbana-Champaign  Riera, Gabriel, PhD, University of California, Irvine  Rosman, Silvia, PhD, Princeton University  Saona, Maria Margarita, PhD, Columbia University  History  Agnani, Sunil, PhD, Columbia University  Blair, Cynthia M., PhD,  Harvard University  Boyer, Christopher R., PhD, University of Chicago  Brier, Jennifer, PhD, Rutgers University  Chavez, Joaquin, PhD, New York University  Daly, Jonathan, PhD, Harvard University  Goodman, Adam, PhD, University of Pennsylvania  Hoppe, Kirk A., PhD, Boston University  Hostetler, Laura, PhD, University of Pennsylvania  Hudson, Lynn PhD, Indiana University,  Jin, Michael, PhD, University of California, Santa Cruz  Johnston, Robert D., PhD, Rutgers University  Jordan, Nicole Noelle, PhD, London School of Economics  Keen, Ralph, PhD, University of Chicago  Levy, Richard S., PhD, Yale University  Liechty, Mark, PhD, University of Pennsylvania  Mantena, Rama, PhD, University of Michigan-Ann Arbor  McClure, Ellen, PhD, University of Michigan-Ann Arbor  McCrillis, Neal, PhD, University of Illinois at Chicago  Mogilner, Marina, PhD, Rutgers University  Negrin, Hayley, PhD, New York University  Quadri, Junaid, PhD, McGill University  Ransby, Barbara, PhD, University of Michigan-Ann Arbor  Schultz, Kevin M., PhD, University of California, Berkeley  Sklansky, Jeffrey, PhD, Columbia University  Stauter-Halsted, Keely, PhD, University of Michigan  Tantillo, Astrida, PhD, University of Chicago  Todd-Breland, Elizabeth, PhD, University of Chicago  Latin American and Latino Studies  Aguilera-Skvirsky, Salome, PhD, University of Pittsburgh  Bada, Xóchitl, PhD, University of Notre Dame  Boyer, Christopher, PhD, University of Chicago  Buechler, Simone, PhD, Columbia University  Citron, Ralph, PhD, University of Illinois at Chicago  Feldman, Andreas, PhD, University of Notre Dame  Flores-Gonzalez, Nilda, PhD, University of Chicago  Gutierrez, Elena, PhD, University of Michigan-Ann Arbor  Macias, Patrisia, PhD, University of California, Berkeley  Palka, Joel, PhD, University of California, San Diego  Roa-de-la-Carerra, Cristian, PhD, Princeton University  Villa-Flores, Javier, PhD, University of California, San Diego  de los Angeles Torres, Maria, PhD, University of Michigan  Mathematics, Statistics, and Computer Science  Abramov, Rafail, PhD, Rensselear Polytechnic Institute  Awanou, Gerard, PhD, University of Georgia  Bona, Jerry, PhD, Harvard University  Castro Superfine, Alison M., PhD, University of Michigan  Cheskidov, Alexey, PhD, Indiana University  Cojocaru, Alina, PhD, Queen’s University (Canada)  Coskun, Izzet, PhD, Harvard University  Dumas, David, PhD, Harvard University  Ein, Lawrence Man Hou, PhD, University of California, Berkeley  Friedland, Shmuel, DSc, Technion (Israel)  Furman, Alexander, PhD, Hebrew University of Jerusalem  Goldbring, Isaac, PhD, University of Illinois at Urbana-Champaign  Greenblatt, Michael, PhD, Princeton University  Groves, Daniel, DPhil, University of Oxford  Heard, Melvin L., PhD, Purdue University  Hedayat, Samad, PhD, Cornell University  Kauffman, Louis H., PhD, Princeton University  Knessl, Charles, PhD, Northwestern University  Lekili, Yanki, PhD, Massachusetts Institute of Technology  Majumdar, Dibyen, PhD, Indian Statistical Institute (India)  Marker, David E., PhD, Yale University  Martin, Danny, PhD, University of California, Berkeley  Martin, Ryan G., PhD, Purdue University  Martinez, Mara, PhD, Tufts Medical School  Mubayi, Dhruv, PhD, University of Illinois at Urbana-Champaign  Nencui, Irina, PhD, California Institute of Technology  Nicholls, David, PhD, Brown University  Ouyang, Cheng, PhD, Northwestern University  Reyzin, Lev, PhD, Yale University  Rosendal, Christian, PhD, University of Paris  Shipley, Brooke, PhD, Massachusetts Institute of Technology  Shvydkoy, Roman, PhD, University of Missouri-Columbia  Sinapova, Dima, PhD, University of California, Los Angeles  Sparber, Christof, PhD, University of Vienna  Suk, Andrew, PhD, New York University  Takloo-Bighash, Ramin, PhD, John Hopkins University  Tucker, Kevin, PhD, University of Michigan  Turan, Gyorgy, PhD, Jozef A. University (Hungary)  Verschelde, Jan, PhD, Katholieke Universiteit Leuven (Belgium)  Wang, Jing, PhD, Michigan State University  Wang, Junhui, PhD, University of Minnesota  Whyte, Kevin M., PhD, University of Chicago  Yang, Jie, PhD, University of Chicago  Yang, Min, PhD, University of Illinois at Chicago  Philosophy  Almotahari, Mahrad, PhD, Massachusetts Institute of Technology  Eaton, Anne Wescott, PhD, University of Chicago  Fleischacker, Samuel, PhD, Yale University  Gray, Aidan, PhD, University of Chicago  Hilbert, David, PhD, Stanford University  Huggett, Nicholas, PhD, Rutgers University  Hylton, Peter W., PhD, Harvard University  Jarrett, Jon, PhD, University of Chicago  Laden, Anthony S., PhD, Harvard University  Meinwald, Constance C., PhD, Princeton University  Schechtman, Marya, PhD, Harvard University  Sedgwick, Sally, PhD, University of Chicago  Sinkler, Georgette, PhD, Cornell University  Small, Will, PhD, University of Chicago  Sutherland, Daniel, PhD, University of California, Los Angeles  Whipple, John, PhD, University of California, Irvine  Physics  Ansari, Anjum, PhD, University of Illinois at Urbana-Champaign  Aratyn, Henrik, PhD, University of Copenhagen (Denmark)  Campuzano, Juan-Carlos, PhD, University of Wisconsin-Madison  Cavanaugh, Richard, PhD, Florida State University  Crabtree, George, PhD, University of Illinois at Chicago  Evdokimov, Olga Barannikova, PhD, Joint Institute for Nuclear Research (Russia) and Ivanovo State University (Russia)  Fatemeh, Khalili-Araghi, PhD, University of Illinois at Urbana-Champaign  Gerber, Cecilia E., PhD, Universidad de Buenos Aires  Grein, Christoph H., PhD, Princeton University  Hofman, David J., PhD, State University of New York at Stony Brook  Imbo, Tom D., PhD, University of Texas at Austin  Keung, Wai-Yee, PhD, University of Wisconsin-Madison  Khalili-Araghi, Fatemeh, PhD, University of Illinois at Urbana-Champaign  Klie, Robert, PhD, University of Illinois at Chicago  Morr, Dirk K., PhD, University of Wisconsin-Madison  Ogut, Serdar, PhD, Yale University  Perez-Salas, Ursula, PhD, University of Maryland, College Park  Schlossman, Mark L., PhD, Cornell University  Schroeder, Walter Andreas, PhD, Imperial College of Science and Tech (U.K.)  Sivananthan, Sivalingam, PhD, University of Illinois at Chicago  Stephanov, Misha A., PhD, Oxford University  Unwin, James, PhD, University of Oxford  Varelas, Nikos, PhD, University of Rochester  Ye, Zhenyu, PhD, University of Hamburg (Germany)  Yee, Ho-Ung, PhD, Yale University  Zhou, Huan-Xiang, PhD, Drexel University  Polish, Russian, and Central and Eastern European Studies  Markowski, Michael Pawet, PhD, Jagiellonian University (Poland)  McQuillen, Colleen, PhD, Columbia University  Subacius, Giedrius, PhD, Vilnius University (Lithuania)  Underhill, Karen, PhD, University of Chicago  Vaingurt, Julia, PhD, Harvard University  Political Science  Alexander, S. Alba, PhD, University of Chicago  Bruhl, Robert, PhD, University of Illinois at Chicago  Choi, Seung-Whan, PhD, University of Missouri  Engelmann, Stephen, PhD, Johns Hopkins University  Feldmann, Andreas, PhD, University of Notre Dame  Filindra, Alexandra, PhD, Rutgers University  Floros, Katharine M., PhD, University of Pittsburgh  Johnson, Cedric, PhD, University of Maryland  Judd, Dennis R., PhD, University of Illinois at Urbana-Champaign  Kaplan, Noah J., PhD, Columbia University  Kostadinova, Petia, PhD, Florida State University  Lyles, Kevin L., PhD, Washington University in St. Louis  McFarland, Andrew S., PhD, University of California, Berkeley  McKenzie, Evan C., PhD, University of Southern California, JD, University of California, Los Angeles  Mooney, Christopher, PhD, University of Wisconsin-Madison  Moruzzi, Norma C., PhD, Johns Hopkins University  Motyl, Matt, PhD, University of Virginia  Pallares, Amalia V., PhD, University of Texas  Simpson, Dick W., PhD, Indiana University  Skitka, Linda, PhD, University of California, Berkeley  Tepe, Sultan, PhD, University of Texas at Austin  Zhang, Yue, PhD, Princeton University  de los Angeles Torres, Maria, PhD, University of Michigan  Psychology  Behar, Evelyn, PhD, Pennsylvania State University  Birman, Dina, PhD, University of Maryland  Bottoms, Bette L., PhD, State University of New York at Buffalo  Cervone, Daniel P., PhD, Stanford University  French-Rolnick, Sabine, PhD, New York University  Goldman, Susan, PhD, University of Pittsburgh  Herbener, Ellen, PhD, Harvard University  Kassel, Jon David, PhD, University of Pittsburgh  Larson, Jr., James R., PhD, University of Washington  Maki, Pauline M., PhD, University of Minnesota  McKirnan, David J., PhD, McGill University (Canada)  Mermelstein, Robin J., PhD, University of Oregon  Morgan-Short, Kara, PhD, Georgetown University  Murphy, Mary, PhD, Stanford University  Ohlsson, Stellan, PhD, University of Stockholm  Pellegrino, James W., PhD, University of Colorado  Ragozzino, Michael, PhD, University of Virginia  Raney, Gary E., PhD, University of Florida  Reilly, Stephen, PhD, University of York (England)  Reyes, Karina, PhD, DePaul University  Riger, Stephanie, PhD, University of Michigan  Roitman, Jamie, PhD, University of Washington-Seattle  Roitman, Mitchell, PhD, University of Washington-Seattle  Ruderman, Audrey J., PhD, Rutgers University  Shankman, Stewart, PhD, Stony Brook University  Skitka, Linda J., PhD, University of California, Berkeley  Storm, Benjamin, PhD, University of California, Los Angeles  Sweeney, John A., PhD, Syracuse University  Trickett, Edison J., PhD, Ohio State University  Weissberg, Roger P., PhD, University of Rochester  Wiley, Jennifer, PhD, University of Pittsburgh  Wirtshafter, Robert David, PhD, University of Illinois at Chicago  Sociology  Bailey, Amy, PhD, University of Washington  Barrett, Richard E., PhD, University of Michigan (Emeritus)  Bielby, William, PhD, University of Wisconsin-Madison  Clarno, Andy, PhD, University of Michigan  Collins, Sharon M., PhD, Northwestern University (Emerita)  Decoteau, Claire, PhD, University of Michigan  Flores-Gonzalez, Nilda, PhD, University of Chicago  Garcia, Lorena, PhD, University of California, Santa Barbara  Gordon, Rachel A., PhD, University of Chicago, Harris School  Jones, Jennifer, PhD, University of California, Berkeley  Krysan, Maria, PhD, University of Michigan-Ann Arbor  Lewis, Amanda, PhD, University of Michigan  Macias-Rojas, Patrisia, PhD, University of California, Berkeley  Mahesh, Somashekhar, PhD, Princeton University  McInerney, Paul-Brian, PhD, Columbia University  Popielarz, Pamela, PhD, Cornell University  Risman, Barbara, PhD, University of Washington  Said, Atef, PhD, University of Michigan  Schaffner, Laurie, PhD, University of California, Berkeley  Semyonov, Moshe, PhD, State University of New York at Stony Brook (Emeritus)   College of Medicine  Anatomy and Cell Biology  Alford, Simon T., PhD, University of London (UK)  Art, Jonathan J., PhD, University of Chicago  Bongarzone, Ernesto, PhD, University of Buenos Aires  Brady, Scott T., PhD, University of Southern California  Feinstein, Douglas, PhD, Johns Hopkins University  George, Anne, PhD, University of Madras (India)  Givogri, Maria Irene, PhD, National University of Cordoba (Argentina)  Ikegaki, Naohiko, PhD, University of Pennsylvania  Kumar, Nalin, PhD, University of Oxford  LaDu, Mary Jo, PhD, University of Illinois  Lazarov, Orly, PhD, Weizmann Institute of Science (Israel)  Lutz, Sarah, PhD, Albert Einstein College of Medicine  Lysakowski, Anna, PhD, University of Illinois  Morfini, Gerardo, PhD, National University of Cordoba (Argentina)  Pandey, Subhash, PhD, Central Drug Research Institute (India)  Pescitelli, Maurice, PhD, University of Illlinois  Rogalski-Wilk, Adrienne A., PhD, University of Illinois  Sharma, Kamal, PhD, All India Institute of Medical Services (India)  Tai, Leon, PhD, Open University (UK)  Tseng, Kuei, MD, PhD, University of Buenos Aires (Argentina)  Yoshii, Akira, MD, Keio University (Japan)  Biochemistry and Molecular Genetics  Ackerman, Steven J., PhD, McGill University (Canada)  Afelik, Solomon, PhD, University of Goettingen (Germany)  Benevolenskaya, Elizaveta, PhD, Moscow State University (Russia)  Caffrey, Michael S., PhD, University of Arizona  Colley, Karen J., PhD, Washington University in St. Louis  Friedenson, Bernard A., PhD, University of Minnesota  Frolov, Maxim, PhD, Moscow State University (Russia)  Gaponenko, Vadim, PhD, University of Cincinnati  Grippo, Paul, PhD, University of Wisconsin, Madison  Hay, Nissim, PhD, Weizmann Institute of Science (Israel)  Jung, Barbara, MD, Ludwig-Maximilians University (Germany)  Kaplan, Jack H., PhD, University of London (Great Britain)  Katzen, Alisa L., PhD, University of California, San Francisco  Kaufman, Elliot R., PhD, Princeton University  Kuchay, Shafi, PhD, University of Illinois at Chicago  Lau, Lester F., PhD, Cornell University  Lavie, Arnon, PhD, Brandeis University  Liao, Xiubei, PhD, University of Illinois at Urbana-Champaign  Merrill, Bradley, PhD, University of California, San Diego  Nakamura, Toru, PhD, University of Colorado at Boulder  Rana, Ajay, PhD, Indian Institute of Chemical Biology (India)  Rana, Basabi, PhD, University of Calcutta (India)  Raychaudhuri, Pradip, PhD, University of Michigan  Shikano, Sojin, PhD, University of Tokyo (Japan)  Simonovic, Miljan, PhD, University of Illinois at Chicago  Tyner, Angela L., PhD, University of Chicago  Biomedical Sciences  Chen, Aoshuang, PhD, University of Cincinnati  Kalyanasundaram, Ramaswamy, PhD, University of Calgary (Canada)  Li, Xue-Jun, PhD, Shanghai Medical University (China)  Matthew, Matthew-Thoppil, PhD, University of Strathclyde (United Kingdom)  Munirathinam, Gnanasekar, PhD, Indian Institute of Technology  Puri, Neelu, PhD, AIMS New Delhi  Sidik, Khalifah, PhD, Washington State University  Zheng, Guoxing, PhD, University of Cincinnati  Medical Education  Bordage, Georges, PhD, Michigan State University  Edison, Marcia, PhD, University of Illinois at Chicago  Gelula, Mark, PhD, University of New York at Buffalo  Harris, Ilene B., PhD, University of Chicago  Hirshfield, Laura, PhD, University of Michigan Ann Arbor  Juul, Dorthea, PhD, University of Chicago  Kamin, Carol, PhD, University of Houston  Murphy, Timothy F., PhD, Boston College  Park, Yoon Soo, PhD, Columbia University  Riddle, Janet, Phd, University of Chicago  Sandlow, Leslie J., MD, Chicago Medical School  Schwartz, Alan, PhD, University of California, Berkeley  Sufian, Sandra, PhD, New York University  Tekian, Ara S., PhD, MHPE, American University of Beirut  Yudkowsky, Rachel, MD, Northwestern University  Microbiology and Immunology  Behnsen, Judith, PhD, Friedrich Shiller University (Germany)  Bouvier, Marlene, PhD, McGill University (Canada)  Chen, Zheng W., MD,PhD, Tsinghua University  Freitag, Nancy, PhD, University of California, Los Angeles  He, Bin , PhD, Purdue University  Kenter, Amy L., PhD, Albert Einstein College of Medicine  Lipton, Howard, MD, University of Nebraska  MacDuff, Donna, PhD, University of Minnesota-Twin Cities  McLachlan, Alan, PhD, University of Aberdeen (Scotland)  Prabhakar, Bellur S., PhD, Johns Hopkins University  Richner, Justin, PhD, University of California, Berkeley  Rong, Lijun, PhD, Purdue University  Ross, Susan R., PhD, Princeton University  Shukla, Deepak, PhD, University of Illinois at Chicago  Ucker, David, PhD, University of California, San Francisco  Volz, Karl W., PhD, University of California, San Diego  Walden, William E., PhD, Morgan State University  Pathology  Bosland, Maarten C., DVSc, PhD, University of Ultrecht (The Netherlands)  Campbell-Lee, Sally A., MD, Albany Medical College of Union University  Chenn, Anjen, MD, PhD, Stanford University  Diamond, Alan M., PhD, State University of New York at Stony Brook  Gann, Peter, MD, ScD, University of Pennsylvania, Harvard University  Guzman-Hartman, Grace, MD, University of Santo Tomas College of Medicine (Phillippines)  Kadkol, Shrihari, MD, PhD, University of Mysore (India), University of Illinois at Chicago  Kajdacsy-Balla, Andre, PhD, Escola Paulista de Medicina (Brazil)  Lindgren, Valerie, PhD, University of Chicago  Nonn, Larisa, PhD, University of Arizona  Setty, Suman, PhD, University of Minnesota  Valyi-Nagy, Tibor, MD, PhD, Medical University of Debrecen (Hungary), Hungarian Academy of Sciences  Walsh, Michael J., PhD, Lancaster University (United Kingdom)  Pharmacology  Cho, Jaehyung (Gus), PhD, University of Wisconsin-Madison  Colamonici, Oscar R., MD, Facultad de Medicina (Uruguay)  Du, Xiaoping, MD, PhD, Sydney University  Dudek, Steven, MD, Washington University School of Medicine  Karginov, Andrei, PhD, University of Virginia, Charlottesville  Komarova, Yulia, PhD, Moscow State University  Levitan, Irena, PhD, Hebrew University of Jerusalem  Liu, Yuru, PhD, Johns Hopkins University, Baltimore  Malik, Asrar B., PhD, University of Toronto  Mehta, Dolly, PhD, University of Nebraska-Lincoln  Minshall, Richard D., PhD, University of Illinois at Chicago  Natarajan, Viswanathan, PhD, Indian Institute of Science  Pajcini, Kostandin, PhD, Stanford University  Rehman, Jalees, MD, Technische Universitat (Germany)  Rosenblatt, Mark, MD, MBA, University of Miami  Shin, Jae-Won, PhD, University of Pennsylvania  Tamplin, Owen, PhD, University of Toronto  Tiruppathi, Chinnaswamy, PhD, University of Madras (India)  Wary, Kishore, PhD, North-Eastern Hill University (India)  Physiology and Biophysics  Alrefai, Waddah A., MD, University of Aleppo (Syria)  Brodie, Mark S., PhD, University of Illinois at Chicago  Coloff, Jonathan, PhD, Duke University  Cuervo-Grajal, Henar, PhD, Universidad Autónoma de Madrid (Spain)  Dudeja, Pradeep, PhD, Postgraduate Institute of Medical Education and Research (India)  Frasor, Jonna, PhD, University of Illinois at Chicago  Gill, Ravinder, PhD, Panjab University (India)  Heydemann, Ahlke, PhD, University of Chicago  Jaffee, Randal C., PhD, University of California, Davis  Kitajewski, Jan, PhD, Princeton University  Liew, Chong-Wee, PhD, University of Hamburg (Germany)  Naba, Alexandra, PhD, University of Paris XI (France)  O'Donnell, J.  Michael, PhD, Ohio State University  Popov, Sergey V., PhD, Moscow State University  Prins, Gail S., PhD , University of Illinois at Chicago  Rao, Mrinalini C., PhD, University of Pittsburgh  Rasenick, Mark M., PhD, Wesleyan University  Russell, Brenda, PhD, University of London (England)  Shaye, Daniel, PhD, Columbia University  Solaro, R. John, PhD, University of Pittsburgh  Stocco, Carlos O., PhD, University of San Luis and National Research Council of Argentina  Tobacman, Larry, MD, Case Western Reserve University  Wolska, Beata M., PhD, Postgraduate Center of Medical Education (Warsaw)  de Lanerolle, Primal, PhD, University of California, San Diego   College of Nursing   Balserak, Bilgay, PhD, Edinburgh University  Breitmayer, Bonnie J, PhD, Cornell University  Calk, Michael, PhD, Loyola University, Chicago  Carley, David W., PhD, Harvard University  Collins, Eileen, PhD, Loyola University  Corte, Colleen M., PhD, University of Michigan  DeCocker-Geist, Karen, DNP, Frontier Nursing University  DeVon, Holli A., PhD, University of Illinois at Chicago  Finnegan, Lorna, PhD, University of Illinois at Chicago  Gruss, Valerie, PhD, Rush University  Heinschel, Judith (Judie) A., PhD, University of Colorado Health Sciences Center  Hershberger, Patricia E., PhD, University of Illinois at Chicago  Humpherys, Carol, DNSc, Indiana University  Jones, Krista, PhD, University of Illinois at Chicago  Kapella, Mary Kay, PhD, University of Illinois at Chicago  Kim, Mi Ja, PhD, University of Illinois at Chicago  Klima, Carrie, PhD, University of Connecticut  Koenig, Mary Dawn, PhD, University of Pennsylvania  Krassa, Teresa, PhD, Wayne State University  Liese, Kylea, PhD, Stanford University  Lusk, Brigid, PhD, University of Illinois at Chicago  Martyn-Nemeth, Pamela, PhD, Loyola University  Matthews, Alicia K., PhD, The State University of New York  McCreary, Linda, PhD, University of Illinois at Chicago  McFarlin, Barbara, PhD, University of Illinois at Chicago  Mogos, Mulubrhan, PhD, University of South Florida  Norr, Kathleen F., PhD, University of Michigan  Obrecht, Jennifer, DNP, University of Illinois at Chicago  Patil, Crystal, PhD, Ohio State University  Powell, Kathryn Wirtz, PhD, Rush University  Puchalski, Mary, DNP, Chatham University  Quinn, Lauretta, PhD, University of Illinois at Chicago  Rosenberger, Kelly, DNP, University of Illinois at Chicago  Rutherford, Julienne, PhD, Indiana University  Ryan, Catherine, PhD, University of Illinois at Chicago  Savage, Teresa A., PhD, University of Illinois at Chicago  Schlaeger, Judith, PhD, Guangzhou University (China)  Schraeder, Cheryl D., PhD, Indiana University  Sefton, Marlene, PhD, University of Illinois at Chicago  Snyder, Marsha, PhD, Loyola University  Sparbel, Kathleen, PhD, University of Iowa  Stogis, Sheryl L., DrPH, University of Michigan  Tarlov, Elizabeth, PhD, University of Illinois at Chicago  Vincent, Catherine, PhD, Wayne State University  Vonderheid, Susan, PhD, University of Illinois at Chicago  Walsh, Susan, DNP, University of Illinois at Chicago  Wang, Chih-Hsuing Edward, PhD, Case Western Reserve University  Zenk, Shannon, PhD, University of Michigan  Corbridge, Susan, PhD, University of Illinois at Chicago  Eldeirawi, Kamal, PhD, University of Illinois at Chicago  Ferrans, Carol Estwing, PhD, University of Illinois at Chicago  Fritschi, Cynthia, PhD, University of Illinois at Chicago  Gallo, Agatha M., PhD, University of Pennsylvania  Gorman, Geraldine, PhD, Loyola University   College of Pharmacy  Biopharmaceutical Sciences  Barbolina, Maria, PhD, Russian Academy of Sciences  Gemeinhart, Richard A., PhD, Purdue University  Hall, Ashley, PhD, University of Central Florida  Hanakahi, Leslyn, PhD, Yale University  Jeong, Hyun-Young, PhD, University of Illinois at Chicago  Larsen, A. Karl, PhD, University of Illinois at Chicago  Nitiss, John L., PhD, Illinois Institute of Technology  Onyuksel, Hayat, PhD, University of London  Schlemmer, R. Francis, PhD, University of Illinois at Chicago  Tonetti, Debra A., PhD, Loyola University Chicago  Waller, Donald P., PhD, Ohio State University  Wang, Zaijie Jim, PhD, University of California, San Francisco  Medicinal Chemistry and Pharmacognosy  Bruzik, Karol S., PhD, Polish Academy of Science  Burdette, Joanna, PhD, University of Illinois at Chicago  Che, Chun-Tao, PhD, University of Illinois at Chicago  Chen, Shao-Nong, PhD, Lanzhou University  DiMagno, Stephen G., PhD, University of California, Berkeley  Dietz, Birgit M., PhD, Heinrich-Heine University  Eustaquio, Alessandra, PhD, Eberhard Karls Universitat (Germany)  Federle, Michael, PhD, Emory University  Franzblau, Scott G., PhD, University of Arizona  Gao, Yu (Tom), PhD, The Scripps Institute  Jaki, Birgit Ursula, PhD, Swiss Federal Institute of Technology  Johnson, Michael E., PhD, Northwestern University  Krunic, Aleksej, PhD, University of Illinois at Chicago  Mankin, Alexander S., PhD, Moscow State University  Moore, Terry W., PhD, University of Illinois at Urbana-Champaign  Murphy, Brian T., PhD, Virginia Polytechnic Institute and State University  Nikolic, Dejan, PhD, University of Illinois at Chicago  Orjala, Jimmy, Swiss Federal Institute of Technology (ETH)  Pauli, Guido F., PhD, Institute of Pharmaceutical Biology, Heinrich Heine-University, Duesseldorf (Germany)  Petukhov, Pavel A., PhD, Novosibirsk Institute of Organic Chemistry (Russia)  Riley, Andrew P., PhD, University of Kansas  Sanchez, Laura M., PhD, University of California, Santa Cruz  Santarsiero, Bernard D., PhD, University of Washington  Soejarto, Djaja D., PhD, Harvard University  Thatcher, Gregory R., PhD, University of Toronto  Thomas, Douglas, PhD, Louisiana State University Health Sciences Center  Vazquez-Laslop, Nora Cecillia, PhD, National Autonomous University of Mexico  Wang, Zaije Jim, PhD, University of California, San Francisco  Woodbury, Charles P., PhD, University of Wisconsin-Madison  Zadeh, Farahnaz, PhD, University of London  van Breemen, Richard, PhD, Johns Hopkins University  Pharmacy Systems, Outcomes, and Policy  Calip, Greg S., PhD, University of Texas, Houston  Crawford, Stephanie Yvonne, PhD, University of Texas at Austin  Lee, Todd, PhD, University of Washington  MacDowell, Martin, PhD, University of Texas, Houston  Manasse, Jr., Henri, PhD, University of Minnesota  Nutescu, Edith, MS, University of Illinois at Chicago  Okori-Awe, Clara, PhD, University of Illinois at Urbana-Champaign  Pickard, Alan Simon, PhD, University of Alberta (Canada)  Qato, Dima, PhD, University of Illinois at Chicago  Rickert, Edward D., JD, Chicago-Kent College of Law, Illinois Institute of Technology  Schumock, Glen T., PhD, University of Illinois at Chicago  Sharp, Lisa K., PhD, Northwestern University  Stubbings, JoAnn, MHCA, University of Mississippi College of Pharmacy  Suda, Katie J., MS, University of Tennesee  Touchette, Daniel R., PharmD, MA, Wayne State University  Vellurattil, Rosalyn P., PharmD, University of Illinois at Chicago  Walton, Surrey M., PhD, University of Chicago   School of Public Health  Community Health Sciences  Chavez, Noel, PhD, Saint Louis University  DuBois, David L., PhD, University of Illinois at Urbana-Champaign  Floyd, BreNikki R., PhD, University of Kentucky, Lexington  Handler, Arden S., DrPH, University of Illinois at Chicago  Hebert-Beirne, Jennifer Mary, PhD, University of Illinois at Chicago  Hughes, Susan L., PhD, Columbia University  Jeremiah, Rohan D., PhD, University of South Florida  Kelley, Michele A., ScD, Johns Hopkins University  Kennelly, Joan Frances, PhD, University of Illinois at Chicago  Lenihan, D. Patrick, PhD, University of Illinois at Chicago  Mitchell, Uchechi A., PhD, University of California, Los Angeles  Molina, Yamile, PhD, University of Washington  Muramatsu, Naoko, PhD, University of Michigan-Ann Arbor  Peacock, Nadine, PhD, Harvard University  Peters, Karen E., DrPH, University of Illinois at Chicago  Ramirez-Valles, Jesus, PhD, University of Michigan-Ann Arbor  Risley, Kristina Y.,  DrPH, University of Alabama at Birmingham  Velonis, Alisa J., PhD, University of Colorado at Denver  Watson, Karriem, DHSc, Nova Southeastern University  Welter, Christina R., DrPH, University of Illinois at Chicago  Environmental and Occupational Health Science  Bing-Canar, John, PhD, University of Illinois at Chicago  Brandt-Rauf, Paul, DPH, MD, Columbia University  Brandt-Rauf, Sherry, JD, Columbia University  Brosseau, Lisa, ScD, Harvard University  Buchanan, Susan, MD, Ohio State University  Cailas, Michael D., PhD, McGill University (Canada)  Cohen, Robert, MD, Northwestern University  Conroy, Lorraine M., ScD, Harvard University  Dardynskaia, Irina, PhD, Minsk State Medical University  Dorevitch, Samuel, MD, University of Chicago  Erdal, Serap, PhD, University of Pittsburgh  Forst, Linda S., MD, MPH, Michigan State University, University of Illinois  Franke, John E., PhD, University of Illinois at Chicago  Friedman, Lee, PhD, University of Illinois at Chicago  Heimler, Ira, PhD, University of Wisconsin-Milwaukee  Jacobs, David, PhD, Kennedy Western University  Jagai, Jyotsna, PhD, Tufts University  Jones, Rachael Mary, PhD, University of California, Berkeley  Kaplan, Susan, JD, University of Wisconsin-Madison  Li, An, PhD, University of Wisconsin-Madison  Pratap, Preethi, PhD, University of Cincinnati  Scheff, Peter, PhD, University of Illinois at Chicago  Swedler, David, PhD, John Hopkins University  Zanoni, Joseph, PhD, University of Illinois at Chicago  Epidemiology/Biostatistics  Argos, Maria, PhD, Columbia University  Awadalla, Saria, PhD, University of Rochester  Bailey, Robert C., PhD, Harvard University  Basu, Sanjib, PhD, Purdue University  Bhaumik, Dulal, PhD, University of Maryland  Chen, Hua Yun, PhD, University of Michigan  Demirtas, Hakan, PhD, Pennsylvania State University  Dworkin, Mark, MD, Rush Medical College  Freels, Sally, PhD, Northwestern University  Freeman, Vincent, MD, MPH, University of Chicago, University of Illinois at Chicago  Hershow, Ronald C., MD, State University of New York, Stony Brook School of Medicine  Konda, Sreenivas, ScD, Case Western Reserve University  Liu, Li C., PhD, University of Illinois at Chicago  Mehta, Supriya, PhD, Johns Hopkins University  Olshansky, S. Jay, PhD, University of Chicago  Persky, Victoria W., MD, Albert Einstein University  Peterson, Caryn E., PhD, University of Illinois at Chicago  Rankin, Kristin, PhD, University of Illinois at Chicago  Rauscher, Garth PhD, University of North Carolina at Chapel Hill  Rosenberg, Deborah, PhD, University of Illinois at Chicago  Stayner, Leslie, PhD, University of North Carolina  Turyk, Mary Ellen, PhD, University of Illinois at Chicago  Xie, Hui, PhD, Columbia University  Health Policy and Administration  Chriqui, Jamie, PhD, University of Maryland, Baltimore  Conrad, Kendon, PhD, University of Illinois at Chicago  Fitzgibbon, Marian, PhD, Long Island University  Kim, Seijeoung, PhD, University of Illinois at Chicago  Levy, Judith A., PhD, Northwestern University  Lo Sasso, Anthony T.,  PhD, Indiana University  Mensah, Edward K.,  PhD, Iowa State University  Powell, Lisa, PhD, Queens University, Kingston  Tilipman, Nicholas, PhD, Cornell University  Zwanziger, Jack, PhD, Rand Graduate School   Jane Addams College of Social Work   D'Angelo, Karen A., PhD, University of Connecticut  DeNard, Christina, PhD, University of Pennsylvania  Doyle, Otima, PhD, University of Maryland  Geiger, Jennifer, PhD, Arizona State University  Gottlieb, Aaron, PhD, Princeton University  Hairston, Creasie Finney, PhD, Case Western Reserve University  Hounmennou, Charles, PhD, University of Illinois at Chicago  Hsieh, Chang-ming, PhD, University of Pennsylvania  Johnson Butterfield, Alice K., PhD, Washington University in St. Louis  Leathers, Sonya, PhD, University of Chicago  Lu, Jack J., PhD, University of Connecticut  McCoy, Henrika, PhD, Washington University in St. Louis  McLeod, Branden A., PhD, Morgan State University  Mitchell, Christopher G., PhD, Catholic University of America  Reed, Sarah, PhD, University of California, Davis  Swartz, James A.,  PhD, Northwestern University  Watson, Amy, PhD, University of Chicago  Wilson, Robert J., PhD, University of Minnesota   College of Urban Planning and Public Affairs  Public Administration  Carr, Jered, PhD, Florida State University  Hendrick, Rebecca M., PhD, Michigan State University  Holbrook, Allyson, PhD, Ohio State University  Johnson, Timothy P., PhD, University of Kentucky  Kleinschmit, Stephen, PhD, North Caroline State University  Laurito, Agustina M., PhD, New York University  LeRoux, Kelly, PhD, Wayne State University  Liang, Jiaqu, PhD, American University  Merriman, David F., PhD, University of Wisconsin-Madison  Pagano, Michael A., PhD, University of Texas at Austin  Siciliano, Michael, PhD, University of Pittsburgh  Snyder, Thomas P., PhD, Harvard University  Thompson, James R., PhD, Syracuse University  Wu, Yonghong, PhD, Syracuse University  Yang-Clayton, Kathleen, PhD, University of Chicago  Urban Planning and Policy  Ai, Ning, PhD, Georgia Tech University  Al-Kodmany, Kheir, PhD, University of Illinois at Urbana-Champaign  Ashton, Philip, PhD, Rutgers University  Betancur, John-Jairo, PhD, University of Illinois at Chicago  Cordova, Teresa, PhD, University of California, Berkeley  Drucker, Joshua, PhD, University of North Carolina at Chapel Hill  Kawamura, Kazuya, PhD, University of California, Berkeley  Lowe, Kate, PhD, Cornell University  Parker, Brenda K., PhD, University of Wisconsin-Madison  Smith, Janet Lynn, PhD, Cleveland State University  Sriraj, P. S., PhD, Illinois Institute of Technology  Sutton, Stacey, PhD, Rutgers University  Theodore, Nikolas C., PhD, University of Illinois at Chicago  Tilahun, Nebiyou, PhD, University of Minnesota  Vidyarthi, Sanjeev, PhD, University of Michigan-Ann Arbor  Weber, Rachel N., PhD, Cornell University  Winkle, Curtis R., PhD, Rutgers University  Zellner, Moira, PhD, University of Michigan             University of Illinois at Chicago   Apply Online | Contact Admissions | Privacy Statement Having problems accessing this site? Contact the Webmaster . © 2018-2019 The Board of Trustees of the University of Illinois    Back to Top   Print Options     Send Page to Printer    Print this page.    Download PDF of this page The PDF will include all information unique to this page.    Download PDF of the entire Graduate Catalog    All pages in the campus catalog.       Cancel    